{
  "app": "com.douban.frodo",
  "duration": "217ms",
  "headers": {
    "User-Agent": "api-client/1 com.douban.frodo/7.65.0(277) Android/33 product/coral vendor/Google model/Pixel 4 XL brand/google  rom/android  network/wifi  udid/0643fa6abfd3eaff076ff3ee603211ded11fc344  platform/mobile nd/1",
    "Host": "frodo.douban.com",
    "Connection": "Keep-Alive",
    "Accept-Encoding": "gzip"
  },
  "method": "GET",
  "protocol": "HTTP/1.1",
  "remoteIp": "49.233.242.15",
  "remotePort": 443,
  "sessionId": "a1a9b01b-1173-4258-b131-f3de27f3e966",
  "time": "2023-12-11 15:06:59",
  "url": "https://frodo.douban.com/api/v2/search/subjects?q\u003d%E8%91%AC%E9%80%81%E7%9A%84%E8%8A%99%E8%8E%89%E8%8E%B2\u0026count\u003d20\u0026loc_id\u003d108288\u0026apikey\u003d0dad551ec0f84ed02907ff5c42e8ec70\u0026channel\u003dYingyongbao_Market\u0026udid\u003d0643fa6abfd3eaff076ff3ee603211ded11fc344\u0026os_rom\u003dandroid\u0026timezone\u003dAsia%2FShanghai\u0026_sig\u003dHI1RXXo7Sfy6GJUmrFWpLf47C%2Fw%3D\u0026_ts\u003d1702278419"
}