{"count": 20, "items": [{"layout": "subject", "type_name": "\u7535\u89c6\u5267", "target_id": "36093351", "target": {"rating": {"count": 13305, "max": 10, "star_count": 4.5, "value": 9.4}, "controversy_reason": "", "title": "\u846c\u9001\u7684\u8299\u8389\u83b2", "abstract": "", "has_linewatch": true, "uri": "douban:\/\/douban.com\/tv\/36093351", "cover_url": "https:\/\/qnmob3.doubanio.com\/view\/photo\/s_ratio_poster\/public\/p2895761119.jpg?imageView2\/0\/q\/80\/w\/9999\/h\/120\/format\/webp", "year": "2023", "card_subtitle": "\u65e5\u672c \/ \u5267\u60c5 \u52a8\u753b \u5947\u5e7b \u5192\u9669 \/ \u658b\u85e4\u572d\u4e00\u90ce \/ \u79cd\u5d0e\u6566\u7f8e \u5188\u672c\u4fe1\u5f66", "id": "36093351", "null_rating_reason": ""}, "target_type": "tv"}, {"layout": "subject", "type_name": "\u7535\u89c6\u5267", "target_id": "36597318", "target": {"rating": {"count": 0, "max": 10, "star_count": 0.0, "value": 0}, "controversy_reason": "", "title": "\u846c\u9001\u7684\u8299\u8389\u83b2 \uff5e\u25cf\u25cf\u7684\u9b54\u6cd5\uff5e", "abstract": "", "has_linewatch": false, "uri": "douban:\/\/douban.com\/tv\/36597318", "cover_url": "https:\/\/qnmob3.doubanio.com\/view\/photo\/s_ratio_poster\/public\/p2899238501.jpg?imageView2\/0\/q\/80\/w\/9999\/h\/120\/format\/webp", "year": "2023", "card_subtitle": "\u65e5\u672c \/ \u79cd\u5d0e\u6566\u7f8e \u5188\u672c\u4fe1\u5f66", "id": "36597318", "null_rating_reason": "\u6682\u65e0\u8bc4\u5206"}, "target_type": "tv"}, {"layout": "chart", "type_name": "\u7247\u5355", "target_id": "EC2U55VFY", "target": {"title": "\u9ad8\u53e3\u7891 \u50ac\u6cea \u5f71\u89c6", "is_follow": false, "abstract": "\u4f55\u4ee5\u4e3a\u5bb6\/7\u53f7\u623f\u7684\u793c\u7269\/\u4eba\u751f\u5927\u4e8b\/\u5fe0\u72ac\u516b\u516c\u7269\u8bed\/\u73b0\u5728\u53bb\u89c1\u4f60", "is_badge_chart": false, "uri": "douban:\/\/douban.com\/subject_collection\/EC2U55VFY?type=rank&category=movie&rank_type=subject_tag", "cover_url": "https://img1.doubanio.com\/dae\/frodo\/img_handler\/chart_cover\/EC2U55VFY\/round_rec", "card_subtitle": "518\u4eba\u5173\u6ce8", "id": "EC2U55VFY"}, "target_type": "chart"}, {"layout": "chart", "type_name": "\u7247\u5355", "target_id": "ECUI5UEMI", "target": {"title": "\u9ad8\u53e3\u7891 \u611f\u52a8 \u5f71\u89c6", "is_follow": false, "abstract": "\u6cf0\u5766\u5c3c\u514b\u53f7\/\u4f55\u4ee5\u4e3a\u5bb6\/\u5929\u4f7f\u7231\u7f8e\u4e3d\/\u8774\u8776\u6548\u5e94\/\u8840\u6218\u94a2\u952f\u5cad", "is_badge_chart": false, "uri": "douban:\/\/douban.com\/subject_collection\/ECUI5UEMI?type=rank&category=movie&rank_type=subject_tag", "cover_url": "https://img1.doubanio.com\/dae\/frodo\/img_handler\/chart_cover\/ECUI5UEMI\/round_rec", "card_subtitle": "", "id": "ECUI5UEMI"}, "target_type": "chart"}, {"layout": "chart", "type_name": "\u7247\u5355", "target_id": "ECQM5PPCQ", "target": {"title": "\u9ad8\u53e3\u7891 \u9b54\u5e7b \u5f71\u89c6", "is_follow": false, "abstract": "\u6050\u6016\u6e38\u8f6e\/\u957f\u6c5f\u4e03\u53f7\/\u6c34\u5f62\u7269\u8bed\/\u75af\u72c2\u7684\u9ea6\u514b\u65af4\uff1a\u72c2\u66b4\u4e4b\u8def\/\u77ac\u606f\u5168\u5b87\u5b99", "is_badge_chart": false, "uri": "douban:\/\/douban.com\/subject_collection\/ECQM5PPCQ?type=rank&category=movie&rank_type=subject_tag", "cover_url": "https://img1.doubanio.com\/dae\/frodo\/img_handler\/chart_cover\/ECQM5PPCQ\/round_rec", "card_subtitle": "", "id": "ECQM5PPCQ"}, "target_type": "chart"}], "banned": "", "start": 0, "total": 5, "types": [{"type_name": "\u5f71\u89c6", "total": "5", "type": "movie", "uuids": ["1002:36093351", "1002:36597318", "2054:15113", "2054:15091", "2054:15090"]}, {"type_name": "\u56fe\u4e66", "total": "26", "type": "book", "uuids": ["1001:35356338", "1001:35701471", "1001:36318355", "1001:35806742", "1001:35815397", "1001:35514083", "1001:36570670", "1001:35666064", "1001:36104803", "1001:36328501", "1001:35356339", "1001:35539870", "1001:36417938", "1001:35356340", "1001:35924556", "1001:36122672", "1001:36570671", "1001:35873824", "1001:35414039", "1001:35482200"]}]}