{
  "app": "com.douban.frodo",
  "code": 200,
  "duration": "576ms",
  "headers": {
    "Date": "Mon, 11 Dec 2023 09:15:12 GMT",
    "Content-Type": "application/json; charset\u003dutf-8",
    "Transfer-Encoding": "chunked",
    "Connection": "keep-alive",
    "Keep-Alive": "timeout\u003d30",
    "Expires": "Sun, 1 Jan 2006 01:00:00 GMT",
    "Pragma": "no-cache",
    "Cache-Control": "must-revalidate, no-cache, private",
    "X-DAE-App": "frodo",
    "X-DAE-Instance": "movie",
    "Set-Cookie": "bid\u003debxGgqiVFbM; Expires\u003dTue, 10-Dec-24 09:15:12 GMT; Domain\u003d.douban.com; Path\u003d/",
    "X-DOUBAN-NEWBID": "ebxGgqiVFbM",
    "Server": "dae",
    "Strict-Transport-Security": "max-age\u003d15552000",
    "X-Content-Type-Options": "nosniff",
    "Content-Encoding": "gzip"
  },
  "message": "OK",
  "protocol": "HTTP/1.1",
  "remoteIp": "49.233.242.15",
  "remotePort": 443,
  "sessionId": "94b59ba4-b6e4-4056-83af-7f4e279e4e40",
  "time": "2023-12-11 17:15:11"
}