{"count": 50, "c": 990, "f": 0, "o": 150, "n": 12, "photos": [{"read_count": 12, "image": {"normal": {"url": "https://img3.doubanio.com\/view\/photo\/m\/public\/p2898812927.webp", "width": 600, "height": 337, "size": 0}, "large": {"url": "https://img3.doubanio.com\/view\/photo\/l\/public\/p2898812927.webp", "width": 1600, "height": 900, "size": 0}, "raw": null, "small": {"url": "https://img3.doubanio.com\/view\/photo\/s\/public\/p2898812927.webp", "width": 600, "height": 337, "size": 0}, "primary_color": "DFDFDF", "is_animated": false}, "create_time": "2023-10-02 14:25:41", "collections_count": 0, "reshares_count": 0, "id": "2898812927", "author": {"loc": null, "kind": "user", "name": "Kai Salvo", "reg_time": "2017-01-20 19:34:47", "url": "https:\/\/www.douban.com\/people\/156663219\/", "uri": "douban:\/\/douban.com\/user\/156663219", "avatar": "https://img1.doubanio.com\/icon\/up156663219-10.jpg", "is_club": false, "type": "user", "id": "156663219", "uid": "156663219"}, "is_collected": false, "subtype": "photo", "type": "photo", "owner_uri": "douban:\/\/douban.com\/tv\/36093351", "status": null, "reaction_type": 0, "description": "", "sharing_url": "https:\/\/www.douban.com\/doubanapp\/dispatch?uri=\/photo\/2898812927\/", "url": "https:\/\/movie.douban.com\/photos\/photo\/2898812927\/", "reply_limit": "A", "uri": "douban:\/\/douban.com\/photo\/2898812927", "likers_count": 1, "reactions_count": 1, "comments_count": 0, "position": 1200}, {"read_count": 1, "image": {"normal": {"url": "https://img1.doubanio.com\/view\/photo\/m\/public\/p2901683339.webp", "width": 600, "height": 337, "size": 0}, "large": {"url": "https://img1.doubanio.com\/view\/photo\/l\/public\/p2901683339.webp", "width": 1600, "height": 900, "size": 0}, "raw": null, "small": {"url": "https://img1.doubanio.com\/view\/photo\/s\/public\/p2901683339.webp", "width": 600, "height": 337, "size": 0}, "primary_color": "DFDFDF", "is_animated": false}, "create_time": "2023-12-07 20:42:50", "collections_count": 0, "reshares_count": 0, "id": "2901683339", "author": {"loc": null, "kind": "user", "name": "\u5f25\u6d77\u7802", "reg_time": "2015-11-04 23:17:17", "url": "https:\/\/www.douban.com\/people\/137137727\/", "uri": "douban:\/\/douban.com\/user\/137137727", "avatar": "https://img3.doubanio.com\/icon\/up137137727-12.jpg", "is_club": false, "type": "user", "id": "137137727", "uid": "137137727"}, "is_collected": false, "subtype": "photo", "type": "photo", "owner_uri": "douban:\/\/douban.com\/tv\/36093351", "status": null, "reaction_type": 0, "description": "", "sharing_url": "https:\/\/www.douban.com\/doubanapp\/dispatch?uri=\/photo\/2901683339\/", "url": "https:\/\/movie.douban.com\/photos\/photo\/2901683339\/", "reply_limit": "A", "uri": "douban:\/\/douban.com\/photo\/2901683339", "likers_count": 0, "reactions_count": 0, "comments_count": 0, "position": 9}, {"read_count": 2, "image": {"normal": {"url": "https://img1.doubanio.com\/view\/photo\/m\/public\/p2901683338.webp", "width": 600, "height": 337, "size": 0}, "large": {"url": "https://img1.doubanio.com\/view\/photo\/l\/public\/p2901683338.webp", "width": 1600, "height": 900, "size": 0}, "raw": null, "small": {"url": "https://img1.doubanio.com\/view\/photo\/s\/public\/p2901683338.webp", "width": 600, "height": 337, "size": 0}, "primary_color": "DFDFDF", "is_animated": false}, "create_time": "2023-12-07 20:42:50", "collections_count": 0, "reshares_count": 0, "id": "2901683338", "author": {"loc": null, "kind": "user", "name": "\u5f25\u6d77\u7802", "reg_time": "2015-11-04 23:17:17", "url": "https:\/\/www.douban.com\/people\/137137727\/", "uri": "douban:\/\/douban.com\/user\/137137727", "avatar": "https://img3.doubanio.com\/icon\/up137137727-12.jpg", "is_club": false, "type": "user", "id": "137137727", "uid": "137137727"}, "is_collected": false, "subtype": "photo", "type": "photo", "owner_uri": "douban:\/\/douban.com\/tv\/36093351", "status": null, "reaction_type": 0, "description": "", "sharing_url": "https:\/\/www.douban.com\/doubanapp\/dispatch?uri=\/photo\/2901683338\/", "url": "https:\/\/movie.douban.com\/photos\/photo\/2901683338\/", "reply_limit": "A", "uri": "douban:\/\/douban.com\/photo\/2901683338", "likers_count": 0, "reactions_count": 0, "comments_count": 0, "position": 10}, {"read_count": 0, "image": {"normal": {"url": "https://img1.doubanio.com\/view\/photo\/m\/public\/p2901683320.webp", "width": 600, "height": 337, "size": 0}, "large": {"url": "https://img1.doubanio.com\/view\/photo\/l\/public\/p2901683320.webp", "width": 1600, "height": 900, "size": 0}, "raw": null, "small": {"url": "https://img1.doubanio.com\/view\/photo\/s\/public\/p2901683320.webp", "width": 600, "height": 337, "size": 0}, "primary_color": "DFDFDF", "is_animated": false}, "create_time": "2023-12-07 20:42:28", "collections_count": 0, "reshares_count": 0, "id": "2901683320", "author": {"loc": null, "kind": "user", "name": "\u5f25\u6d77\u7802", "reg_time": "2015-11-04 23:17:17", "url": "https:\/\/www.douban.com\/people\/137137727\/", "uri": "douban:\/\/douban.com\/user\/137137727", "avatar": "https://img3.doubanio.com\/icon\/up137137727-12.jpg", "is_club": false, "type": "user", "id": "137137727", "uid": "137137727"}, "is_collected": false, "subtype": "photo", "type": "photo", "owner_uri": "douban:\/\/douban.com\/tv\/36093351", "status": null, "reaction_type": 0, "description": "", "sharing_url": "https:\/\/www.douban.com\/doubanapp\/dispatch?uri=\/photo\/2901683320\/", "url": "https:\/\/movie.douban.com\/photos\/photo\/2901683320\/", "reply_limit": "A", "uri": "douban:\/\/douban.com\/photo\/2901683320", "likers_count": 0, "reactions_count": 0, "comments_count": 0, "position": 11}, {"read_count": 3, "image": {"normal": {"url": "https://img1.doubanio.com\/view\/photo\/m\/public\/p2901683319.webp", "width": 600, "height": 337, "size": 0}, "large": {"url": "https://img1.doubanio.com\/view\/photo\/l\/public\/p2901683319.webp", "width": 1600, "height": 900, "size": 0}, "raw": null, "small": {"url": "https://img1.doubanio.com\/view\/photo\/s\/public\/p2901683319.webp", "width": 600, "height": 337, "size": 0}, "primary_color": "DFDFDF", "is_animated": false}, "create_time": "2023-12-07 20:42:28", "collections_count": 0, "reshares_count": 0, "id": "2901683319", "author": {"loc": null, "kind": "user", "name": "\u5f25\u6d77\u7802", "reg_time": "2015-11-04 23:17:17", "url": "https:\/\/www.douban.com\/people\/137137727\/", "uri": "douban:\/\/douban.com\/user\/137137727", "avatar": "https://img3.doubanio.com\/icon\/up137137727-12.jpg", "is_club": false, "type": "user", "id": "137137727", "uid": "137137727"}, "is_collected": false, "subtype": "photo", "type": "photo", "owner_uri": "douban:\/\/douban.com\/tv\/36093351", "status": null, "reaction_type": 0, "description": "", "sharing_url": "https:\/\/www.douban.com\/doubanapp\/dispatch?uri=\/photo\/2901683319\/", "url": "https:\/\/movie.douban.com\/photos\/photo\/2901683319\/", "reply_limit": "A", "uri": "douban:\/\/douban.com\/photo\/2901683319", "likers_count": 0, "reactions_count": 0, "comments_count": 0, "position": 12}, {"read_count": 1, "image": {"normal": {"url": "https://img1.doubanio.com\/view\/photo\/m\/public\/p2901683318.webp", "width": 600, "height": 337, "size": 0}, "large": {"url": "https://img1.doubanio.com\/view\/photo\/l\/public\/p2901683318.webp", "width": 1600, "height": 900, "size": 0}, "raw": null, "small": {"url": "https://img1.doubanio.com\/view\/photo\/s\/public\/p2901683318.webp", "width": 600, "height": 337, "size": 0}, "primary_color": "DFDFDF", "is_animated": false}, "create_time": "2023-12-07 20:42:28", "collections_count": 0, "reshares_count": 0, "id": "2901683318", "author": {"loc": null, "kind": "user", "name": "\u5f25\u6d77\u7802", "reg_time": "2015-11-04 23:17:17", "url": "https:\/\/www.douban.com\/people\/137137727\/", "uri": "douban:\/\/douban.com\/user\/137137727", "avatar": "https://img3.doubanio.com\/icon\/up137137727-12.jpg", "is_club": false, "type": "user", "id": "137137727", "uid": "137137727"}, "is_collected": false, "subtype": "photo", "type": "photo", "owner_uri": "douban:\/\/douban.com\/tv\/36093351", "status": null, "reaction_type": 0, "description": "", "sharing_url": "https:\/\/www.douban.com\/doubanapp\/dispatch?uri=\/photo\/2901683318\/", "url": "https:\/\/movie.douban.com\/photos\/photo\/2901683318\/", "reply_limit": "A", "uri": "douban:\/\/douban.com\/photo\/2901683318", "likers_count": 0, "reactions_count": 0, "comments_count": 0, "position": 13}, {"read_count": 0, "image": {"normal": {"url": "https://img3.doubanio.com\/view\/photo\/m\/public\/p2901683317.webp", "width": 600, "height": 337, "size": 0}, "large": {"url": "https://img3.doubanio.com\/view\/photo\/l\/public\/p2901683317.webp", "width": 1600, "height": 900, "size": 0}, "raw": null, "small": {"url": "https://img3.doubanio.com\/view\/photo\/s\/public\/p2901683317.webp", "width": 600, "height": 337, "size": 0}, "primary_color": "DFDFDF", "is_animated": false}, "create_time": "2023-12-07 20:42:27", "collections_count": 0, "reshares_count": 0, "id": "2901683317", "author": {"loc": null, "kind": "user", "name": "\u5f25\u6d77\u7802", "reg_time": "2015-11-04 23:17:17", "url": "https:\/\/www.douban.com\/people\/137137727\/", "uri": "douban:\/\/douban.com\/user\/137137727", "avatar": "https://img3.doubanio.com\/icon\/up137137727-12.jpg", "is_club": false, "type": "user", "id": "137137727", "uid": "137137727"}, "is_collected": false, "subtype": "photo", "type": "photo", "owner_uri": "douban:\/\/douban.com\/tv\/36093351", "status": null, "reaction_type": 0, "description": "", "sharing_url": "https:\/\/www.douban.com\/doubanapp\/dispatch?uri=\/photo\/2901683317\/", "url": "https:\/\/movie.douban.com\/photos\/photo\/2901683317\/", "reply_limit": "A", "uri": "douban:\/\/douban.com\/photo\/2901683317", "likers_count": 0, "reactions_count": 0, "comments_count": 0, "position": 14}, {"read_count": 3, "image": {"normal": {"url": "https://img9.doubanio.com\/view\/photo\/m\/public\/p2901683316.webp", "width": 600, "height": 337, "size": 0}, "large": {"url": "https://img9.doubanio.com\/view\/photo\/l\/public\/p2901683316.webp", "width": 1600, "height": 900, "size": 0}, "raw": null, "small": {"url": "https://img9.doubanio.com\/view\/photo\/s\/public\/p2901683316.webp", "width": 600, "height": 337, "size": 0}, "primary_color": "DFDFDF", "is_animated": false}, "create_time": "2023-12-07 20:42:27", "collections_count": 0, "reshares_count": 0, "id": "2901683316", "author": {"loc": null, "kind": "user", "name": "\u5f25\u6d77\u7802", "reg_time": "2015-11-04 23:17:17", "url": "https:\/\/www.douban.com\/people\/137137727\/", "uri": "douban:\/\/douban.com\/user\/137137727", "avatar": "https://img3.doubanio.com\/icon\/up137137727-12.jpg", "is_club": false, "type": "user", "id": "137137727", "uid": "137137727"}, "is_collected": false, "subtype": "photo", "type": "photo", "owner_uri": "douban:\/\/douban.com\/tv\/36093351", "status": null, "reaction_type": 0, "description": "", "sharing_url": "https:\/\/www.douban.com\/doubanapp\/dispatch?uri=\/photo\/2901683316\/", "url": "https:\/\/movie.douban.com\/photos\/photo\/2901683316\/", "reply_limit": "A", "uri": "douban:\/\/douban.com\/photo\/2901683316", "likers_count": 0, "reactions_count": 0, "comments_count": 0, "position": 15}, {"read_count": 1, "image": {"normal": {"url": "https://img9.doubanio.com\/view\/photo\/m\/public\/p2901683315.webp", "width": 600, "height": 337, "size": 0}, "large": {"url": "https://img9.doubanio.com\/view\/photo\/l\/public\/p2901683315.webp", "width": 1600, "height": 900, "size": 0}, "raw": null, "small": {"url": "https://img9.doubanio.com\/view\/photo\/s\/public\/p2901683315.webp", "width": 600, "height": 337, "size": 0}, "primary_color": "DFDFDF", "is_animated": false}, "create_time": "2023-12-07 20:42:27", "collections_count": 0, "reshares_count": 0, "id": "2901683315", "author": {"loc": null, "kind": "user", "name": "\u5f25\u6d77\u7802", "reg_time": "2015-11-04 23:17:17", "url": "https:\/\/www.douban.com\/people\/137137727\/", "uri": "douban:\/\/douban.com\/user\/137137727", "avatar": "https://img3.doubanio.com\/icon\/up137137727-12.jpg", "is_club": false, "type": "user", "id": "137137727", "uid": "137137727"}, "is_collected": false, "subtype": "photo", "type": "photo", "owner_uri": "douban:\/\/douban.com\/tv\/36093351", "status": null, "reaction_type": 0, "description": "", "sharing_url": "https:\/\/www.douban.com\/doubanapp\/dispatch?uri=\/photo\/2901683315\/", "url": "https:\/\/movie.douban.com\/photos\/photo\/2901683315\/", "reply_limit": "A", "uri": "douban:\/\/douban.com\/photo\/2901683315", "likers_count": 0, "reactions_count": 0, "comments_count": 0, "position": 16}, {"read_count": 0, "image": {"normal": {"url": "https://img3.doubanio.com\/view\/photo\/m\/public\/p2901683313.webp", "width": 600, "height": 337, "size": 0}, "large": {"url": "https://img3.doubanio.com\/view\/photo\/l\/public\/p2901683313.webp", "width": 1600, "height": 900, "size": 0}, "raw": null, "small": {"url": "https://img3.doubanio.com\/view\/photo\/s\/public\/p2901683313.webp", "width": 600, "height": 337, "size": 0}, "primary_color": "DFDFDF", "is_animated": false}, "create_time": "2023-12-07 20:42:27", "collections_count": 0, "reshares_count": 0, "id": "2901683313", "author": {"loc": null, "kind": "user", "name": "\u5f25\u6d77\u7802", "reg_time": "2015-11-04 23:17:17", "url": "https:\/\/www.douban.com\/people\/137137727\/", "uri": "douban:\/\/douban.com\/user\/137137727", "avatar": "https://img3.doubanio.com\/icon\/up137137727-12.jpg", "is_club": false, "type": "user", "id": "137137727", "uid": "137137727"}, "is_collected": false, "subtype": "photo", "type": "photo", "owner_uri": "douban:\/\/douban.com\/tv\/36093351", "status": null, "reaction_type": 0, "description": "", "sharing_url": "https:\/\/www.douban.com\/doubanapp\/dispatch?uri=\/photo\/2901683313\/", "url": "https:\/\/movie.douban.com\/photos\/photo\/2901683313\/", "reply_limit": "A", "uri": "douban:\/\/douban.com\/photo\/2901683313", "likers_count": 0, "reactions_count": 0, "comments_count": 0, "position": 17}, {"read_count": 3, "image": {"normal": {"url": "https://img3.doubanio.com\/view\/photo\/m\/public\/p2901683312.webp", "width": 600, "height": 337, "size": 0}, "large": {"url": "https://img3.doubanio.com\/view\/photo\/l\/public\/p2901683312.webp", "width": 1600, "height": 900, "size": 0}, "raw": null, "small": {"url": "https://img3.doubanio.com\/view\/photo\/s\/public\/p2901683312.webp", "width": 600, "height": 337, "size": 0}, "primary_color": "DFDFDF", "is_animated": false}, "create_time": "2023-12-07 20:42:27", "collections_count": 0, "reshares_count": 0, "id": "2901683312", "author": {"loc": null, "kind": "user", "name": "\u5f25\u6d77\u7802", "reg_time": "2015-11-04 23:17:17", "url": "https:\/\/www.douban.com\/people\/137137727\/", "uri": "douban:\/\/douban.com\/user\/137137727", "avatar": "https://img3.doubanio.com\/icon\/up137137727-12.jpg", "is_club": false, "type": "user", "id": "137137727", "uid": "137137727"}, "is_collected": false, "subtype": "photo", "type": "photo", "owner_uri": "douban:\/\/douban.com\/tv\/36093351", "status": null, "reaction_type": 0, "description": "", "sharing_url": "https:\/\/www.douban.com\/doubanapp\/dispatch?uri=\/photo\/2901683312\/", "url": "https:\/\/movie.douban.com\/photos\/photo\/2901683312\/", "reply_limit": "A", "uri": "douban:\/\/douban.com\/photo\/2901683312", "likers_count": 0, "reactions_count": 0, "comments_count": 0, "position": 18}, {"read_count": 3, "image": {"normal": {"url": "https://img2.doubanio.com\/view\/photo\/m\/public\/p2901683311.webp", "width": 600, "height": 337, "size": 0}, "large": {"url": "https://img2.doubanio.com\/view\/photo\/l\/public\/p2901683311.webp", "width": 1600, "height": 900, "size": 0}, "raw": null, "small": {"url": "https://img2.doubanio.com\/view\/photo\/s\/public\/p2901683311.webp", "width": 600, "height": 337, "size": 0}, "primary_color": "DFDFDF", "is_animated": false}, "create_time": "2023-12-07 20:42:27", "collections_count": 0, "reshares_count": 0, "id": "2901683311", "author": {"loc": null, "kind": "user", "name": "\u5f25\u6d77\u7802", "reg_time": "2015-11-04 23:17:17", "url": "https:\/\/www.douban.com\/people\/137137727\/", "uri": "douban:\/\/douban.com\/user\/137137727", "avatar": "https://img3.doubanio.com\/icon\/up137137727-12.jpg", "is_club": false, "type": "user", "id": "137137727", "uid": "137137727"}, "is_collected": false, "subtype": "photo", "type": "photo", "owner_uri": "douban:\/\/douban.com\/tv\/36093351", "status": null, "reaction_type": 0, "description": "", "sharing_url": "https:\/\/www.douban.com\/doubanapp\/dispatch?uri=\/photo\/2901683311\/", "url": "https:\/\/movie.douban.com\/photos\/photo\/2901683311\/", "reply_limit": "A", "uri": "douban:\/\/douban.com\/photo\/2901683311", "likers_count": 0, "reactions_count": 0, "comments_count": 0, "position": 19}, {"read_count": 5, "image": {"normal": {"url": "https://img1.doubanio.com\/view\/photo\/m\/public\/p2901683310.webp", "width": 600, "height": 337, "size": 0}, "large": {"url": "https://img1.doubanio.com\/view\/photo\/l\/public\/p2901683310.webp", "width": 1600, "height": 900, "size": 0}, "raw": null, "small": {"url": "https://img1.doubanio.com\/view\/photo\/s\/public\/p2901683310.webp", "width": 600, "height": 337, "size": 0}, "primary_color": "DFDFDF", "is_animated": false}, "create_time": "2023-12-07 20:42:27", "collections_count": 0, "reshares_count": 0, "id": "2901683310", "author": {"loc": null, "kind": "user", "name": "\u5f25\u6d77\u7802", "reg_time": "2015-11-04 23:17:17", "url": "https:\/\/www.douban.com\/people\/137137727\/", "uri": "douban:\/\/douban.com\/user\/137137727", "avatar": "https://img3.doubanio.com\/icon\/up137137727-12.jpg", "is_club": false, "type": "user", "id": "137137727", "uid": "137137727"}, "is_collected": false, "subtype": "photo", "type": "photo", "owner_uri": "douban:\/\/douban.com\/tv\/36093351", "status": null, "reaction_type": 0, "description": "", "sharing_url": "https:\/\/www.douban.com\/doubanapp\/dispatch?uri=\/photo\/2901683310\/", "url": "https:\/\/movie.douban.com\/photos\/photo\/2901683310\/", "reply_limit": "A", "uri": "douban:\/\/douban.com\/photo\/2901683310", "likers_count": 0, "reactions_count": 0, "comments_count": 0, "position": 20}, {"read_count": 1, "image": {"normal": {"url": "https://img3.doubanio.com\/view\/photo\/m\/public\/p2901683283.webp", "width": 600, "height": 337, "size": 0}, "large": {"url": "https://img3.doubanio.com\/view\/photo\/l\/public\/p2901683283.webp", "width": 1600, "height": 900, "size": 0}, "raw": null, "small": {"url": "https://img3.doubanio.com\/view\/photo\/s\/public\/p2901683283.webp", "width": 600, "height": 337, "size": 0}, "primary_color": "DFDFDF", "is_animated": false}, "create_time": "2023-12-07 20:41:10", "collections_count": 0, "reshares_count": 0, "id": "2901683283", "author": {"loc": null, "kind": "user", "name": "\u5f25\u6d77\u7802", "reg_time": "2015-11-04 23:17:17", "url": "https:\/\/www.douban.com\/people\/137137727\/", "uri": "douban:\/\/douban.com\/user\/137137727", "avatar": "https://img3.doubanio.com\/icon\/up137137727-12.jpg", "is_club": false, "type": "user", "id": "137137727", "uid": "137137727"}, "is_collected": false, "subtype": "photo", "type": "photo", "owner_uri": "douban:\/\/douban.com\/tv\/36093351", "status": null, "reaction_type": 0, "description": "", "sharing_url": "https:\/\/www.douban.com\/doubanapp\/dispatch?uri=\/photo\/2901683283\/", "url": "https:\/\/movie.douban.com\/photos\/photo\/2901683283\/", "reply_limit": "A", "uri": "douban:\/\/douban.com\/photo\/2901683283", "likers_count": 0, "reactions_count": 0, "comments_count": 0, "position": 21}, {"read_count": 0, "image": {"normal": {"url": "https://img3.doubanio.com\/view\/photo\/m\/public\/p2901683282.webp", "width": 600, "height": 337, "size": 0}, "large": {"url": "https://img3.doubanio.com\/view\/photo\/l\/public\/p2901683282.webp", "width": 1600, "height": 900, "size": 0}, "raw": null, "small": {"url": "https://img3.doubanio.com\/view\/photo\/s\/public\/p2901683282.webp", "width": 600, "height": 337, "size": 0}, "primary_color": "DFDFDF", "is_animated": false}, "create_time": "2023-12-07 20:41:10", "collections_count": 0, "reshares_count": 0, "id": "2901683282", "author": {"loc": null, "kind": "user", "name": "\u5f25\u6d77\u7802", "reg_time": "2015-11-04 23:17:17", "url": "https:\/\/www.douban.com\/people\/137137727\/", "uri": "douban:\/\/douban.com\/user\/137137727", "avatar": "https://img3.doubanio.com\/icon\/up137137727-12.jpg", "is_club": false, "type": "user", "id": "137137727", "uid": "137137727"}, "is_collected": false, "subtype": "photo", "type": "photo", "owner_uri": "douban:\/\/douban.com\/tv\/36093351", "status": null, "reaction_type": 0, "description": "", "sharing_url": "https:\/\/www.douban.com\/doubanapp\/dispatch?uri=\/photo\/2901683282\/", "url": "https:\/\/movie.douban.com\/photos\/photo\/2901683282\/", "reply_limit": "A", "uri": "douban:\/\/douban.com\/photo\/2901683282", "likers_count": 0, "reactions_count": 0, "comments_count": 0, "position": 22}, {"read_count": 3, "image": {"normal": {"url": "https://img2.doubanio.com\/view\/photo\/m\/public\/p2901683281.webp", "width": 600, "height": 337, "size": 0}, "large": {"url": "https://img2.doubanio.com\/view\/photo\/l\/public\/p2901683281.webp", "width": 1600, "height": 900, "size": 0}, "raw": null, "small": {"url": "https://img2.doubanio.com\/view\/photo\/s\/public\/p2901683281.webp", "width": 600, "height": 337, "size": 0}, "primary_color": "DFDFDF", "is_animated": false}, "create_time": "2023-12-07 20:41:10", "collections_count": 0, "reshares_count": 0, "id": "2901683281", "author": {"loc": null, "kind": "user", "name": "\u5f25\u6d77\u7802", "reg_time": "2015-11-04 23:17:17", "url": "https:\/\/www.douban.com\/people\/137137727\/", "uri": "douban:\/\/douban.com\/user\/137137727", "avatar": "https://img3.doubanio.com\/icon\/up137137727-12.jpg", "is_club": false, "type": "user", "id": "137137727", "uid": "137137727"}, "is_collected": false, "subtype": "photo", "type": "photo", "owner_uri": "douban:\/\/douban.com\/tv\/36093351", "status": null, "reaction_type": 0, "description": "", "sharing_url": "https:\/\/www.douban.com\/doubanapp\/dispatch?uri=\/photo\/2901683281\/", "url": "https:\/\/movie.douban.com\/photos\/photo\/2901683281\/", "reply_limit": "A", "uri": "douban:\/\/douban.com\/photo\/2901683281", "likers_count": 0, "reactions_count": 0, "comments_count": 0, "position": 23}, {"read_count": 2, "image": {"normal": {"url": "https://img1.doubanio.com\/view\/photo\/m\/public\/p2901683280.webp", "width": 600, "height": 337, "size": 0}, "large": {"url": "https://img1.doubanio.com\/view\/photo\/l\/public\/p2901683280.webp", "width": 1600, "height": 900, "size": 0}, "raw": null, "small": {"url": "https://img1.doubanio.com\/view\/photo\/s\/public\/p2901683280.webp", "width": 600, "height": 337, "size": 0}, "primary_color": "DFDFDF", "is_animated": false}, "create_time": "2023-12-07 20:41:10", "collections_count": 0, "reshares_count": 0, "id": "2901683280", "author": {"loc": null, "kind": "user", "name": "\u5f25\u6d77\u7802", "reg_time": "2015-11-04 23:17:17", "url": "https:\/\/www.douban.com\/people\/137137727\/", "uri": "douban:\/\/douban.com\/user\/137137727", "avatar": "https://img3.doubanio.com\/icon\/up137137727-12.jpg", "is_club": false, "type": "user", "id": "137137727", "uid": "137137727"}, "is_collected": false, "subtype": "photo", "type": "photo", "owner_uri": "douban:\/\/douban.com\/tv\/36093351", "status": null, "reaction_type": 0, "description": "", "sharing_url": "https:\/\/www.douban.com\/doubanapp\/dispatch?uri=\/photo\/2901683280\/", "url": "https:\/\/movie.douban.com\/photos\/photo\/2901683280\/", "reply_limit": "A", "uri": "douban:\/\/douban.com\/photo\/2901683280", "likers_count": 0, "reactions_count": 0, "comments_count": 0, "position": 24}, {"read_count": 0, "image": {"normal": {"url": "https://img1.doubanio.com\/view\/photo\/m\/public\/p2901683279.webp", "width": 600, "height": 337, "size": 0}, "large": {"url": "https://img1.doubanio.com\/view\/photo\/l\/public\/p2901683279.webp", "width": 1600, "height": 900, "size": 0}, "raw": null, "small": {"url": "https://img1.doubanio.com\/view\/photo\/s\/public\/p2901683279.webp", "width": 600, "height": 337, "size": 0}, "primary_color": "DFDFDF", "is_animated": false}, "create_time": "2023-12-07 20:41:10", "collections_count": 0, "reshares_count": 0, "id": "2901683279", "author": {"loc": null, "kind": "user", "name": "\u5f25\u6d77\u7802", "reg_time": "2015-11-04 23:17:17", "url": "https:\/\/www.douban.com\/people\/137137727\/", "uri": "douban:\/\/douban.com\/user\/137137727", "avatar": "https://img3.doubanio.com\/icon\/up137137727-12.jpg", "is_club": false, "type": "user", "id": "137137727", "uid": "137137727"}, "is_collected": false, "subtype": "photo", "type": "photo", "owner_uri": "douban:\/\/douban.com\/tv\/36093351", "status": null, "reaction_type": 0, "description": "", "sharing_url": "https:\/\/www.douban.com\/doubanapp\/dispatch?uri=\/photo\/2901683279\/", "url": "https:\/\/movie.douban.com\/photos\/photo\/2901683279\/", "reply_limit": "A", "uri": "douban:\/\/douban.com\/photo\/2901683279", "likers_count": 0, "reactions_count": 0, "comments_count": 0, "position": 25}, {"read_count": 3, "image": {"normal": {"url": "https://img1.doubanio.com\/view\/photo\/m\/public\/p2901683278.webp", "width": 600, "height": 337, "size": 0}, "large": {"url": "https://img1.doubanio.com\/view\/photo\/l\/public\/p2901683278.webp", "width": 1600, "height": 900, "size": 0}, "raw": null, "small": {"url": "https://img1.doubanio.com\/view\/photo\/s\/public\/p2901683278.webp", "width": 600, "height": 337, "size": 0}, "primary_color": "DFDFDF", "is_animated": false}, "create_time": "2023-12-07 20:41:10", "collections_count": 0, "reshares_count": 0, "id": "2901683278", "author": {"loc": null, "kind": "user", "name": "\u5f25\u6d77\u7802", "reg_time": "2015-11-04 23:17:17", "url": "https:\/\/www.douban.com\/people\/137137727\/", "uri": "douban:\/\/douban.com\/user\/137137727", "avatar": "https://img3.doubanio.com\/icon\/up137137727-12.jpg", "is_club": false, "type": "user", "id": "137137727", "uid": "137137727"}, "is_collected": false, "subtype": "photo", "type": "photo", "owner_uri": "douban:\/\/douban.com\/tv\/36093351", "status": null, "reaction_type": 0, "description": "", "sharing_url": "https:\/\/www.douban.com\/doubanapp\/dispatch?uri=\/photo\/2901683278\/", "url": "https:\/\/movie.douban.com\/photos\/photo\/2901683278\/", "reply_limit": "A", "uri": "douban:\/\/douban.com\/photo\/2901683278", "likers_count": 0, "reactions_count": 0, "comments_count": 0, "position": 26}, {"read_count": 1, "image": {"normal": {"url": "https://img3.doubanio.com\/view\/photo\/m\/public\/p2901683277.webp", "width": 600, "height": 337, "size": 0}, "large": {"url": "https://img3.doubanio.com\/view\/photo\/l\/public\/p2901683277.webp", "width": 1600, "height": 900, "size": 0}, "raw": null, "small": {"url": "https://img3.doubanio.com\/view\/photo\/s\/public\/p2901683277.webp", "width": 600, "height": 337, "size": 0}, "primary_color": "DFDFDF", "is_animated": false}, "create_time": "2023-12-07 20:41:10", "collections_count": 0, "reshares_count": 0, "id": "2901683277", "author": {"loc": null, "kind": "user", "name": "\u5f25\u6d77\u7802", "reg_time": "2015-11-04 23:17:17", "url": "https:\/\/www.douban.com\/people\/137137727\/", "uri": "douban:\/\/douban.com\/user\/137137727", "avatar": "https://img3.doubanio.com\/icon\/up137137727-12.jpg", "is_club": false, "type": "user", "id": "137137727", "uid": "137137727"}, "is_collected": false, "subtype": "photo", "type": "photo", "owner_uri": "douban:\/\/douban.com\/tv\/36093351", "status": null, "reaction_type": 0, "description": "", "sharing_url": "https:\/\/www.douban.com\/doubanapp\/dispatch?uri=\/photo\/2901683277\/", "url": "https:\/\/movie.douban.com\/photos\/photo\/2901683277\/", "reply_limit": "A", "uri": "douban:\/\/douban.com\/photo\/2901683277", "likers_count": 0, "reactions_count": 0, "comments_count": 0, "position": 27}, {"read_count": 1, "image": {"normal": {"url": "https://img9.doubanio.com\/view\/photo\/m\/public\/p2901683276.webp", "width": 600, "height": 337, "size": 0}, "large": {"url": "https://img9.doubanio.com\/view\/photo\/l\/public\/p2901683276.webp", "width": 1600, "height": 900, "size": 0}, "raw": null, "small": {"url": "https://img9.doubanio.com\/view\/photo\/s\/public\/p2901683276.webp", "width": 600, "height": 337, "size": 0}, "primary_color": "DFDFDF", "is_animated": false}, "create_time": "2023-12-07 20:41:10", "collections_count": 0, "reshares_count": 0, "id": "2901683276", "author": {"loc": null, "kind": "user", "name": "\u5f25\u6d77\u7802", "reg_time": "2015-11-04 23:17:17", "url": "https:\/\/www.douban.com\/people\/137137727\/", "uri": "douban:\/\/douban.com\/user\/137137727", "avatar": "https://img3.doubanio.com\/icon\/up137137727-12.jpg", "is_club": false, "type": "user", "id": "137137727", "uid": "137137727"}, "is_collected": false, "subtype": "photo", "type": "photo", "owner_uri": "douban:\/\/douban.com\/tv\/36093351", "status": null, "reaction_type": 0, "description": "", "sharing_url": "https:\/\/www.douban.com\/doubanapp\/dispatch?uri=\/photo\/2901683276\/", "url": "https:\/\/movie.douban.com\/photos\/photo\/2901683276\/", "reply_limit": "A", "uri": "douban:\/\/douban.com\/photo\/2901683276", "likers_count": 0, "reactions_count": 0, "comments_count": 0, "position": 28}, {"read_count": 3, "image": {"normal": {"url": "https://img9.doubanio.com\/view\/photo\/m\/public\/p2901683275.webp", "width": 600, "height": 337, "size": 0}, "large": {"url": "https://img9.doubanio.com\/view\/photo\/l\/public\/p2901683275.webp", "width": 1600, "height": 900, "size": 0}, "raw": null, "small": {"url": "https://img9.doubanio.com\/view\/photo\/s\/public\/p2901683275.webp", "width": 600, "height": 337, "size": 0}, "primary_color": "DFDFDF", "is_animated": false}, "create_time": "2023-12-07 20:41:10", "collections_count": 0, "reshares_count": 0, "id": "2901683275", "author": {"loc": null, "kind": "user", "name": "\u5f25\u6d77\u7802", "reg_time": "2015-11-04 23:17:17", "url": "https:\/\/www.douban.com\/people\/137137727\/", "uri": "douban:\/\/douban.com\/user\/137137727", "avatar": "https://img3.doubanio.com\/icon\/up137137727-12.jpg", "is_club": false, "type": "user", "id": "137137727", "uid": "137137727"}, "is_collected": false, "subtype": "photo", "type": "photo", "owner_uri": "douban:\/\/douban.com\/tv\/36093351", "status": null, "reaction_type": 0, "description": "", "sharing_url": "https:\/\/www.douban.com\/doubanapp\/dispatch?uri=\/photo\/2901683275\/", "url": "https:\/\/movie.douban.com\/photos\/photo\/2901683275\/", "reply_limit": "A", "uri": "douban:\/\/douban.com\/photo\/2901683275", "likers_count": 0, "reactions_count": 0, "comments_count": 0, "position": 29}, {"read_count": 1, "image": {"normal": {"url": "https://img9.doubanio.com\/view\/photo\/m\/public\/p2901683274.webp", "width": 600, "height": 337, "size": 0}, "large": {"url": "https://img9.doubanio.com\/view\/photo\/l\/public\/p2901683274.webp", "width": 1600, "height": 900, "size": 0}, "raw": null, "small": {"url": "https://img9.doubanio.com\/view\/photo\/s\/public\/p2901683274.webp", "width": 600, "height": 337, "size": 0}, "primary_color": "DFDFDF", "is_animated": false}, "create_time": "2023-12-07 20:41:10", "collections_count": 0, "reshares_count": 0, "id": "2901683274", "author": {"loc": null, "kind": "user", "name": "\u5f25\u6d77\u7802", "reg_time": "2015-11-04 23:17:17", "url": "https:\/\/www.douban.com\/people\/137137727\/", "uri": "douban:\/\/douban.com\/user\/137137727", "avatar": "https://img3.doubanio.com\/icon\/up137137727-12.jpg", "is_club": false, "type": "user", "id": "137137727", "uid": "137137727"}, "is_collected": false, "subtype": "photo", "type": "photo", "owner_uri": "douban:\/\/douban.com\/tv\/36093351", "status": null, "reaction_type": 0, "description": "", "sharing_url": "https:\/\/www.douban.com\/doubanapp\/dispatch?uri=\/photo\/2901683274\/", "url": "https:\/\/movie.douban.com\/photos\/photo\/2901683274\/", "reply_limit": "A", "uri": "douban:\/\/douban.com\/photo\/2901683274", "likers_count": 0, "reactions_count": 0, "comments_count": 0, "position": 30}, {"read_count": 5, "image": {"normal": {"url": "https://img2.doubanio.com\/view\/photo\/m\/public\/p2901683251.webp", "width": 600, "height": 337, "size": 0}, "large": {"url": "https://img2.doubanio.com\/view\/photo\/l\/public\/p2901683251.webp", "width": 1600, "height": 900, "size": 0}, "raw": null, "small": {"url": "https://img2.doubanio.com\/view\/photo\/s\/public\/p2901683251.webp", "width": 600, "height": 337, "size": 0}, "primary_color": "DFDFDF", "is_animated": false}, "create_time": "2023-12-07 20:40:06", "collections_count": 0, "reshares_count": 0, "id": "2901683251", "author": {"loc": null, "kind": "user", "name": "\u5f25\u6d77\u7802", "reg_time": "2015-11-04 23:17:17", "url": "https:\/\/www.douban.com\/people\/137137727\/", "uri": "douban:\/\/douban.com\/user\/137137727", "avatar": "https://img3.doubanio.com\/icon\/up137137727-12.jpg", "is_club": false, "type": "user", "id": "137137727", "uid": "137137727"}, "is_collected": false, "subtype": "photo", "type": "photo", "owner_uri": "douban:\/\/douban.com\/tv\/36093351", "status": null, "reaction_type": 0, "description": "", "sharing_url": "https:\/\/www.douban.com\/doubanapp\/dispatch?uri=\/photo\/2901683251\/", "url": "https:\/\/movie.douban.com\/photos\/photo\/2901683251\/", "reply_limit": "A", "uri": "douban:\/\/douban.com\/photo\/2901683251", "likers_count": 0, "reactions_count": 0, "comments_count": 0, "position": 31}, {"read_count": 1, "image": {"normal": {"url": "https://img1.doubanio.com\/view\/photo\/m\/public\/p2901683250.webp", "width": 600, "height": 337, "size": 0}, "large": {"url": "https://img1.doubanio.com\/view\/photo\/l\/public\/p2901683250.webp", "width": 1600, "height": 900, "size": 0}, "raw": null, "small": {"url": "https://img1.doubanio.com\/view\/photo\/s\/public\/p2901683250.webp", "width": 600, "height": 337, "size": 0}, "primary_color": "DFDFDF", "is_animated": false}, "create_time": "2023-12-07 20:40:06", "collections_count": 0, "reshares_count": 0, "id": "2901683250", "author": {"loc": null, "kind": "user", "name": "\u5f25\u6d77\u7802", "reg_time": "2015-11-04 23:17:17", "url": "https:\/\/www.douban.com\/people\/137137727\/", "uri": "douban:\/\/douban.com\/user\/137137727", "avatar": "https://img3.doubanio.com\/icon\/up137137727-12.jpg", "is_club": false, "type": "user", "id": "137137727", "uid": "137137727"}, "is_collected": false, "subtype": "photo", "type": "photo", "owner_uri": "douban:\/\/douban.com\/tv\/36093351", "status": null, "reaction_type": 0, "description": "", "sharing_url": "https:\/\/www.douban.com\/doubanapp\/dispatch?uri=\/photo\/2901683250\/", "url": "https:\/\/movie.douban.com\/photos\/photo\/2901683250\/", "reply_limit": "A", "uri": "douban:\/\/douban.com\/photo\/2901683250", "likers_count": 0, "reactions_count": 0, "comments_count": 0, "position": 32}, {"read_count": 1, "image": {"normal": {"url": "https://img1.doubanio.com\/view\/photo\/m\/public\/p2901683249.webp", "width": 600, "height": 337, "size": 0}, "large": {"url": "https://img1.doubanio.com\/view\/photo\/l\/public\/p2901683249.webp", "width": 1600, "height": 900, "size": 0}, "raw": null, "small": {"url": "https://img1.doubanio.com\/view\/photo\/s\/public\/p2901683249.webp", "width": 600, "height": 337, "size": 0}, "primary_color": "DFDFDF", "is_animated": false}, "create_time": "2023-12-07 20:40:06", "collections_count": 0, "reshares_count": 0, "id": "2901683249", "author": {"loc": null, "kind": "user", "name": "\u5f25\u6d77\u7802", "reg_time": "2015-11-04 23:17:17", "url": "https:\/\/www.douban.com\/people\/137137727\/", "uri": "douban:\/\/douban.com\/user\/137137727", "avatar": "https://img3.doubanio.com\/icon\/up137137727-12.jpg", "is_club": false, "type": "user", "id": "137137727", "uid": "137137727"}, "is_collected": false, "subtype": "photo", "type": "photo", "owner_uri": "douban:\/\/douban.com\/tv\/36093351", "status": null, "reaction_type": 0, "description": "", "sharing_url": "https:\/\/www.douban.com\/doubanapp\/dispatch?uri=\/photo\/2901683249\/", "url": "https:\/\/movie.douban.com\/photos\/photo\/2901683249\/", "reply_limit": "A", "uri": "douban:\/\/douban.com\/photo\/2901683249", "likers_count": 0, "reactions_count": 0, "comments_count": 0, "position": 33}, {"read_count": 3, "image": {"normal": {"url": "https://img1.doubanio.com\/view\/photo\/m\/public\/p2901683248.webp", "width": 600, "height": 337, "size": 0}, "large": {"url": "https://img1.doubanio.com\/view\/photo\/l\/public\/p2901683248.webp", "width": 1600, "height": 900, "size": 0}, "raw": null, "small": {"url": "https://img1.doubanio.com\/view\/photo\/s\/public\/p2901683248.webp", "width": 600, "height": 337, "size": 0}, "primary_color": "DFDFDF", "is_animated": false}, "create_time": "2023-12-07 20:40:06", "collections_count": 0, "reshares_count": 0, "id": "2901683248", "author": {"loc": null, "kind": "user", "name": "\u5f25\u6d77\u7802", "reg_time": "2015-11-04 23:17:17", "url": "https:\/\/www.douban.com\/people\/137137727\/", "uri": "douban:\/\/douban.com\/user\/137137727", "avatar": "https://img3.doubanio.com\/icon\/up137137727-12.jpg", "is_club": false, "type": "user", "id": "137137727", "uid": "137137727"}, "is_collected": false, "subtype": "photo", "type": "photo", "owner_uri": "douban:\/\/douban.com\/tv\/36093351", "status": null, "reaction_type": 0, "description": "", "sharing_url": "https:\/\/www.douban.com\/doubanapp\/dispatch?uri=\/photo\/2901683248\/", "url": "https:\/\/movie.douban.com\/photos\/photo\/2901683248\/", "reply_limit": "A", "uri": "douban:\/\/douban.com\/photo\/2901683248", "likers_count": 0, "reactions_count": 0, "comments_count": 0, "position": 34}, {"read_count": 0, "image": {"normal": {"url": "https://img3.doubanio.com\/view\/photo\/m\/public\/p2901683247.webp", "width": 600, "height": 337, "size": 0}, "large": {"url": "https://img3.doubanio.com\/view\/photo\/l\/public\/p2901683247.webp", "width": 1600, "height": 900, "size": 0}, "raw": null, "small": {"url": "https://img3.doubanio.com\/view\/photo\/s\/public\/p2901683247.webp", "width": 600, "height": 337, "size": 0}, "primary_color": "DFDFDF", "is_animated": false}, "create_time": "2023-12-07 20:40:06", "collections_count": 0, "reshares_count": 0, "id": "2901683247", "author": {"loc": null, "kind": "user", "name": "\u5f25\u6d77\u7802", "reg_time": "2015-11-04 23:17:17", "url": "https:\/\/www.douban.com\/people\/137137727\/", "uri": "douban:\/\/douban.com\/user\/137137727", "avatar": "https://img3.doubanio.com\/icon\/up137137727-12.jpg", "is_club": false, "type": "user", "id": "137137727", "uid": "137137727"}, "is_collected": false, "subtype": "photo", "type": "photo", "owner_uri": "douban:\/\/douban.com\/tv\/36093351", "status": null, "reaction_type": 0, "description": "", "sharing_url": "https:\/\/www.douban.com\/doubanapp\/dispatch?uri=\/photo\/2901683247\/", "url": "https:\/\/movie.douban.com\/photos\/photo\/2901683247\/", "reply_limit": "A", "uri": "douban:\/\/douban.com\/photo\/2901683247", "likers_count": 0, "reactions_count": 0, "comments_count": 0, "position": 35}, {"read_count": 0, "image": {"normal": {"url": "https://img9.doubanio.com\/view\/photo\/m\/public\/p2901683246.webp", "width": 600, "height": 337, "size": 0}, "large": {"url": "https://img9.doubanio.com\/view\/photo\/l\/public\/p2901683246.webp", "width": 1600, "height": 900, "size": 0}, "raw": null, "small": {"url": "https://img9.doubanio.com\/view\/photo\/s\/public\/p2901683246.webp", "width": 600, "height": 337, "size": 0}, "primary_color": "DFDFDF", "is_animated": false}, "create_time": "2023-12-07 20:40:05", "collections_count": 0, "reshares_count": 0, "id": "2901683246", "author": {"loc": null, "kind": "user", "name": "\u5f25\u6d77\u7802", "reg_time": "2015-11-04 23:17:17", "url": "https:\/\/www.douban.com\/people\/137137727\/", "uri": "douban:\/\/douban.com\/user\/137137727", "avatar": "https://img3.doubanio.com\/icon\/up137137727-12.jpg", "is_club": false, "type": "user", "id": "137137727", "uid": "137137727"}, "is_collected": false, "subtype": "photo", "type": "photo", "owner_uri": "douban:\/\/douban.com\/tv\/36093351", "status": null, "reaction_type": 0, "description": "", "sharing_url": "https:\/\/www.douban.com\/doubanapp\/dispatch?uri=\/photo\/2901683246\/", "url": "https:\/\/movie.douban.com\/photos\/photo\/2901683246\/", "reply_limit": "A", "uri": "douban:\/\/douban.com\/photo\/2901683246", "likers_count": 0, "reactions_count": 0, "comments_count": 0, "position": 36}, {"read_count": 3, "image": {"normal": {"url": "https://img9.doubanio.com\/view\/photo\/m\/public\/p2901683245.webp", "width": 600, "height": 337, "size": 0}, "large": {"url": "https://img9.doubanio.com\/view\/photo\/l\/public\/p2901683245.webp", "width": 1600, "height": 900, "size": 0}, "raw": null, "small": {"url": "https://img9.doubanio.com\/view\/photo\/s\/public\/p2901683245.webp", "width": 600, "height": 337, "size": 0}, "primary_color": "DFDFDF", "is_animated": false}, "create_time": "2023-12-07 20:40:05", "collections_count": 0, "reshares_count": 0, "id": "2901683245", "author": {"loc": null, "kind": "user", "name": "\u5f25\u6d77\u7802", "reg_time": "2015-11-04 23:17:17", "url": "https:\/\/www.douban.com\/people\/137137727\/", "uri": "douban:\/\/douban.com\/user\/137137727", "avatar": "https://img3.doubanio.com\/icon\/up137137727-12.jpg", "is_club": false, "type": "user", "id": "137137727", "uid": "137137727"}, "is_collected": false, "subtype": "photo", "type": "photo", "owner_uri": "douban:\/\/douban.com\/tv\/36093351", "status": null, "reaction_type": 0, "description": "", "sharing_url": "https:\/\/www.douban.com\/doubanapp\/dispatch?uri=\/photo\/2901683245\/", "url": "https:\/\/movie.douban.com\/photos\/photo\/2901683245\/", "reply_limit": "A", "uri": "douban:\/\/douban.com\/photo\/2901683245", "likers_count": 0, "reactions_count": 0, "comments_count": 0, "position": 37}, {"read_count": 1, "image": {"normal": {"url": "https://img9.doubanio.com\/view\/photo\/m\/public\/p2901683244.webp", "width": 600, "height": 337, "size": 0}, "large": {"url": "https://img9.doubanio.com\/view\/photo\/l\/public\/p2901683244.webp", "width": 1600, "height": 900, "size": 0}, "raw": null, "small": {"url": "https://img9.doubanio.com\/view\/photo\/s\/public\/p2901683244.webp", "width": 600, "height": 337, "size": 0}, "primary_color": "DFDFDF", "is_animated": false}, "create_time": "2023-12-07 20:40:05", "collections_count": 0, "reshares_count": 0, "id": "2901683244", "author": {"loc": null, "kind": "user", "name": "\u5f25\u6d77\u7802", "reg_time": "2015-11-04 23:17:17", "url": "https:\/\/www.douban.com\/people\/137137727\/", "uri": "douban:\/\/douban.com\/user\/137137727", "avatar": "https://img3.doubanio.com\/icon\/up137137727-12.jpg", "is_club": false, "type": "user", "id": "137137727", "uid": "137137727"}, "is_collected": false, "subtype": "photo", "type": "photo", "owner_uri": "douban:\/\/douban.com\/tv\/36093351", "status": null, "reaction_type": 0, "description": "", "sharing_url": "https:\/\/www.douban.com\/doubanapp\/dispatch?uri=\/photo\/2901683244\/", "url": "https:\/\/movie.douban.com\/photos\/photo\/2901683244\/", "reply_limit": "A", "uri": "douban:\/\/douban.com\/photo\/2901683244", "likers_count": 0, "reactions_count": 0, "comments_count": 0, "position": 38}, {"read_count": 0, "image": {"normal": {"url": "https://img3.doubanio.com\/view\/photo\/m\/public\/p2901683243.webp", "width": 600, "height": 337, "size": 0}, "large": {"url": "https://img3.doubanio.com\/view\/photo\/l\/public\/p2901683243.webp", "width": 1600, "height": 900, "size": 0}, "raw": null, "small": {"url": "https://img3.doubanio.com\/view\/photo\/s\/public\/p2901683243.webp", "width": 600, "height": 337, "size": 0}, "primary_color": "DFDFDF", "is_animated": false}, "create_time": "2023-12-07 20:40:05", "collections_count": 0, "reshares_count": 0, "id": "2901683243", "author": {"loc": null, "kind": "user", "name": "\u5f25\u6d77\u7802", "reg_time": "2015-11-04 23:17:17", "url": "https:\/\/www.douban.com\/people\/137137727\/", "uri": "douban:\/\/douban.com\/user\/137137727", "avatar": "https://img3.doubanio.com\/icon\/up137137727-12.jpg", "is_club": false, "type": "user", "id": "137137727", "uid": "137137727"}, "is_collected": false, "subtype": "photo", "type": "photo", "owner_uri": "douban:\/\/douban.com\/tv\/36093351", "status": null, "reaction_type": 0, "description": "", "sharing_url": "https:\/\/www.douban.com\/doubanapp\/dispatch?uri=\/photo\/2901683243\/", "url": "https:\/\/movie.douban.com\/photos\/photo\/2901683243\/", "reply_limit": "A", "uri": "douban:\/\/douban.com\/photo\/2901683243", "likers_count": 0, "reactions_count": 0, "comments_count": 0, "position": 39}, {"read_count": 0, "image": {"normal": {"url": "https://img3.doubanio.com\/view\/photo\/m\/public\/p2901683242.webp", "width": 600, "height": 337, "size": 0}, "large": {"url": "https://img3.doubanio.com\/view\/photo\/l\/public\/p2901683242.webp", "width": 1600, "height": 900, "size": 0}, "raw": null, "small": {"url": "https://img3.doubanio.com\/view\/photo\/s\/public\/p2901683242.webp", "width": 600, "height": 337, "size": 0}, "primary_color": "DFDFDF", "is_animated": false}, "create_time": "2023-12-07 20:40:05", "collections_count": 0, "reshares_count": 0, "id": "2901683242", "author": {"loc": null, "kind": "user", "name": "\u5f25\u6d77\u7802", "reg_time": "2015-11-04 23:17:17", "url": "https:\/\/www.douban.com\/people\/137137727\/", "uri": "douban:\/\/douban.com\/user\/137137727", "avatar": "https://img3.doubanio.com\/icon\/up137137727-12.jpg", "is_club": false, "type": "user", "id": "137137727", "uid": "137137727"}, "is_collected": false, "subtype": "photo", "type": "photo", "owner_uri": "douban:\/\/douban.com\/tv\/36093351", "status": null, "reaction_type": 0, "description": "", "sharing_url": "https:\/\/www.douban.com\/doubanapp\/dispatch?uri=\/photo\/2901683242\/", "url": "https:\/\/movie.douban.com\/photos\/photo\/2901683242\/", "reply_limit": "A", "uri": "douban:\/\/douban.com\/photo\/2901683242", "likers_count": 0, "reactions_count": 0, "comments_count": 0, "position": 40}, {"read_count": 2, "image": {"normal": {"url": "https://img3.doubanio.com\/view\/photo\/m\/public\/p2901545093.webp", "width": 600, "height": 337, "size": 0}, "large": {"url": "https://img3.doubanio.com\/view\/photo\/l\/public\/p2901545093.webp", "width": 1280, "height": 720, "size": 0}, "raw": null, "small": {"url": "https://img3.doubanio.com\/view\/photo\/s\/public\/p2901545093.webp", "width": 600, "height": 337, "size": 0}, "primary_color": "DFDFDF", "is_animated": false}, "create_time": "2023-12-04 15:10:17", "collections_count": 0, "reshares_count": 0, "id": "2901545093", "author": {"loc": null, "kind": "user", "name": "LOlilo", "reg_time": "2008-09-21 00:33:32", "url": "https:\/\/www.douban.com\/people\/2938892\/", "uri": "douban:\/\/douban.com\/user\/2938892", "avatar": "https://img3.doubanio.com\/icon\/up2938892-82.jpg", "is_club": false, "type": "user", "id": "2938892", "uid": "Gunzafu"}, "is_collected": false, "subtype": "photo", "type": "photo", "owner_uri": "douban:\/\/douban.com\/tv\/36093351", "status": null, "reaction_type": 0, "description": "\u5927\u54e5\u662f\u5fae\u7f29\u6a21\u578b\u7231\u597d\u8005\u5417\uff1f", "sharing_url": "https:\/\/www.douban.com\/doubanapp\/dispatch?uri=\/photo\/2901545093\/", "url": "https:\/\/movie.douban.com\/photos\/photo\/2901545093\/", "reply_limit": "A", "uri": "douban:\/\/douban.com\/photo\/2901545093", "likers_count": 0, "reactions_count": 0, "comments_count": 0, "position": 42}, {"read_count": 8, "image": {"normal": {"url": "https://img9.doubanio.com\/view\/photo\/m\/public\/p2901383126.webp", "width": 600, "height": 337, "size": 0}, "large": {"url": "https://img9.doubanio.com\/view\/photo\/l\/public\/p2901383126.webp", "width": 1600, "height": 900, "size": 0}, "raw": null, "small": {"url": "https://img9.doubanio.com\/view\/photo\/s\/public\/p2901383126.webp", "width": 600, "height": 337, "size": 0}, "primary_color": "DFDFDF", "is_animated": false}, "create_time": "2023-11-30 21:30:11", "collections_count": 0, "reshares_count": 0, "id": "2901383126", "author": {"loc": null, "kind": "user", "name": "\u5f25\u6d77\u7802", "reg_time": "2015-11-04 23:17:17", "url": "https:\/\/www.douban.com\/people\/137137727\/", "uri": "douban:\/\/douban.com\/user\/137137727", "avatar": "https://img3.doubanio.com\/icon\/up137137727-12.jpg", "is_club": false, "type": "user", "id": "137137727", "uid": "137137727"}, "is_collected": false, "subtype": "photo", "type": "photo", "owner_uri": "douban:\/\/douban.com\/tv\/36093351", "status": null, "reaction_type": 0, "description": "", "sharing_url": "https:\/\/www.douban.com\/doubanapp\/dispatch?uri=\/photo\/2901383126\/", "url": "https:\/\/movie.douban.com\/photos\/photo\/2901383126\/", "reply_limit": "A", "uri": "douban:\/\/douban.com\/photo\/2901383126", "likers_count": 0, "reactions_count": 0, "comments_count": 0, "position": 69}, {"read_count": 0, "image": {"normal": {"url": "https://img9.doubanio.com\/view\/photo\/m\/public\/p2901383125.webp", "width": 600, "height": 337, "size": 0}, "large": {"url": "https://img9.doubanio.com\/view\/photo\/l\/public\/p2901383125.webp", "width": 1600, "height": 900, "size": 0}, "raw": null, "small": {"url": "https://img9.doubanio.com\/view\/photo\/s\/public\/p2901383125.webp", "width": 600, "height": 337, "size": 0}, "primary_color": "DFDFDF", "is_animated": false}, "create_time": "2023-11-30 21:30:11", "collections_count": 0, "reshares_count": 0, "id": "2901383125", "author": {"loc": null, "kind": "user", "name": "\u5f25\u6d77\u7802", "reg_time": "2015-11-04 23:17:17", "url": "https:\/\/www.douban.com\/people\/137137727\/", "uri": "douban:\/\/douban.com\/user\/137137727", "avatar": "https://img3.doubanio.com\/icon\/up137137727-12.jpg", "is_club": false, "type": "user", "id": "137137727", "uid": "137137727"}, "is_collected": false, "subtype": "photo", "type": "photo", "owner_uri": "douban:\/\/douban.com\/tv\/36093351", "status": null, "reaction_type": 0, "description": "", "sharing_url": "https:\/\/www.douban.com\/doubanapp\/dispatch?uri=\/photo\/2901383125\/", "url": "https:\/\/movie.douban.com\/photos\/photo\/2901383125\/", "reply_limit": "A", "uri": "douban:\/\/douban.com\/photo\/2901383125", "likers_count": 0, "reactions_count": 0, "comments_count": 0, "position": 70}, {"read_count": 1, "image": {"normal": {"url": "https://img9.doubanio.com\/view\/photo\/m\/public\/p2901383124.webp", "width": 600, "height": 337, "size": 0}, "large": {"url": "https://img9.doubanio.com\/view\/photo\/l\/public\/p2901383124.webp", "width": 1600, "height": 900, "size": 0}, "raw": null, "small": {"url": "https://img9.doubanio.com\/view\/photo\/s\/public\/p2901383124.webp", "width": 600, "height": 337, "size": 0}, "primary_color": "DFDFDF", "is_animated": false}, "create_time": "2023-11-30 21:30:11", "collections_count": 0, "reshares_count": 0, "id": "2901383124", "author": {"loc": null, "kind": "user", "name": "\u5f25\u6d77\u7802", "reg_time": "2015-11-04 23:17:17", "url": "https:\/\/www.douban.com\/people\/137137727\/", "uri": "douban:\/\/douban.com\/user\/137137727", "avatar": "https://img3.doubanio.com\/icon\/up137137727-12.jpg", "is_club": false, "type": "user", "id": "137137727", "uid": "137137727"}, "is_collected": false, "subtype": "photo", "type": "photo", "owner_uri": "douban:\/\/douban.com\/tv\/36093351", "status": null, "reaction_type": 0, "description": "", "sharing_url": "https:\/\/www.douban.com\/doubanapp\/dispatch?uri=\/photo\/2901383124\/", "url": "https:\/\/movie.douban.com\/photos\/photo\/2901383124\/", "reply_limit": "A", "uri": "douban:\/\/douban.com\/photo\/2901383124", "likers_count": 0, "reactions_count": 0, "comments_count": 0, "position": 71}, {"read_count": 1, "image": {"normal": {"url": "https://img3.doubanio.com\/view\/photo\/m\/public\/p2901383123.webp", "width": 600, "height": 337, "size": 0}, "large": {"url": "https://img3.doubanio.com\/view\/photo\/l\/public\/p2901383123.webp", "width": 1600, "height": 900, "size": 0}, "raw": null, "small": {"url": "https://img3.doubanio.com\/view\/photo\/s\/public\/p2901383123.webp", "width": 600, "height": 337, "size": 0}, "primary_color": "DFDFDF", "is_animated": false}, "create_time": "2023-11-30 21:30:11", "collections_count": 0, "reshares_count": 0, "id": "2901383123", "author": {"loc": null, "kind": "user", "name": "\u5f25\u6d77\u7802", "reg_time": "2015-11-04 23:17:17", "url": "https:\/\/www.douban.com\/people\/137137727\/", "uri": "douban:\/\/douban.com\/user\/137137727", "avatar": "https://img3.doubanio.com\/icon\/up137137727-12.jpg", "is_club": false, "type": "user", "id": "137137727", "uid": "137137727"}, "is_collected": false, "subtype": "photo", "type": "photo", "owner_uri": "douban:\/\/douban.com\/tv\/36093351", "status": null, "reaction_type": 0, "description": "", "sharing_url": "https:\/\/www.douban.com\/doubanapp\/dispatch?uri=\/photo\/2901383123\/", "url": "https:\/\/movie.douban.com\/photos\/photo\/2901383123\/", "reply_limit": "A", "uri": "douban:\/\/douban.com\/photo\/2901383123", "likers_count": 0, "reactions_count": 0, "comments_count": 0, "position": 72}, {"read_count": 6, "image": {"normal": {"url": "https://img3.doubanio.com\/view\/photo\/m\/public\/p2901383122.webp", "width": 600, "height": 337, "size": 0}, "large": {"url": "https://img3.doubanio.com\/view\/photo\/l\/public\/p2901383122.webp", "width": 1600, "height": 900, "size": 0}, "raw": null, "small": {"url": "https://img3.doubanio.com\/view\/photo\/s\/public\/p2901383122.webp", "width": 600, "height": 337, "size": 0}, "primary_color": "DFDFDF", "is_animated": false}, "create_time": "2023-11-30 21:30:10", "collections_count": 0, "reshares_count": 0, "id": "2901383122", "author": {"loc": null, "kind": "user", "name": "\u5f25\u6d77\u7802", "reg_time": "2015-11-04 23:17:17", "url": "https:\/\/www.douban.com\/people\/137137727\/", "uri": "douban:\/\/douban.com\/user\/137137727", "avatar": "https://img3.doubanio.com\/icon\/up137137727-12.jpg", "is_club": false, "type": "user", "id": "137137727", "uid": "137137727"}, "is_collected": false, "subtype": "photo", "type": "photo", "owner_uri": "douban:\/\/douban.com\/tv\/36093351", "status": null, "reaction_type": 0, "description": "", "sharing_url": "https:\/\/www.douban.com\/doubanapp\/dispatch?uri=\/photo\/2901383122\/", "url": "https:\/\/movie.douban.com\/photos\/photo\/2901383122\/", "reply_limit": "A", "uri": "douban:\/\/douban.com\/photo\/2901383122", "likers_count": 0, "reactions_count": 0, "comments_count": 0, "position": 73}, {"read_count": 2, "image": {"normal": {"url": "https://img2.doubanio.com\/view\/photo\/m\/public\/p2901383121.webp", "width": 600, "height": 337, "size": 0}, "large": {"url": "https://img2.doubanio.com\/view\/photo\/l\/public\/p2901383121.webp", "width": 1600, "height": 900, "size": 0}, "raw": null, "small": {"url": "https://img2.doubanio.com\/view\/photo\/s\/public\/p2901383121.webp", "width": 600, "height": 337, "size": 0}, "primary_color": "DFDFDF", "is_animated": false}, "create_time": "2023-11-30 21:30:10", "collections_count": 0, "reshares_count": 0, "id": "2901383121", "author": {"loc": null, "kind": "user", "name": "\u5f25\u6d77\u7802", "reg_time": "2015-11-04 23:17:17", "url": "https:\/\/www.douban.com\/people\/137137727\/", "uri": "douban:\/\/douban.com\/user\/137137727", "avatar": "https://img3.doubanio.com\/icon\/up137137727-12.jpg", "is_club": false, "type": "user", "id": "137137727", "uid": "137137727"}, "is_collected": false, "subtype": "photo", "type": "photo", "owner_uri": "douban:\/\/douban.com\/tv\/36093351", "status": null, "reaction_type": 0, "description": "", "sharing_url": "https:\/\/www.douban.com\/doubanapp\/dispatch?uri=\/photo\/2901383121\/", "url": "https:\/\/movie.douban.com\/photos\/photo\/2901383121\/", "reply_limit": "A", "uri": "douban:\/\/douban.com\/photo\/2901383121", "likers_count": 0, "reactions_count": 0, "comments_count": 0, "position": 74}, {"read_count": 0, "image": {"normal": {"url": "https://img1.doubanio.com\/view\/photo\/m\/public\/p2901383120.webp", "width": 600, "height": 337, "size": 0}, "large": {"url": "https://img1.doubanio.com\/view\/photo\/l\/public\/p2901383120.webp", "width": 1600, "height": 900, "size": 0}, "raw": null, "small": {"url": "https://img1.doubanio.com\/view\/photo\/s\/public\/p2901383120.webp", "width": 600, "height": 337, "size": 0}, "primary_color": "DFDFDF", "is_animated": false}, "create_time": "2023-11-30 21:30:10", "collections_count": 0, "reshares_count": 0, "id": "2901383120", "author": {"loc": null, "kind": "user", "name": "\u5f25\u6d77\u7802", "reg_time": "2015-11-04 23:17:17", "url": "https:\/\/www.douban.com\/people\/137137727\/", "uri": "douban:\/\/douban.com\/user\/137137727", "avatar": "https://img3.doubanio.com\/icon\/up137137727-12.jpg", "is_club": false, "type": "user", "id": "137137727", "uid": "137137727"}, "is_collected": false, "subtype": "photo", "type": "photo", "owner_uri": "douban:\/\/douban.com\/tv\/36093351", "status": null, "reaction_type": 0, "description": "", "sharing_url": "https:\/\/www.douban.com\/doubanapp\/dispatch?uri=\/photo\/2901383120\/", "url": "https:\/\/movie.douban.com\/photos\/photo\/2901383120\/", "reply_limit": "A", "uri": "douban:\/\/douban.com\/photo\/2901383120", "likers_count": 0, "reactions_count": 0, "comments_count": 0, "position": 75}, {"read_count": 3, "image": {"normal": {"url": "https://img1.doubanio.com\/view\/photo\/m\/public\/p2901383119.webp", "width": 600, "height": 337, "size": 0}, "large": {"url": "https://img1.doubanio.com\/view\/photo\/l\/public\/p2901383119.webp", "width": 1600, "height": 900, "size": 0}, "raw": null, "small": {"url": "https://img1.doubanio.com\/view\/photo\/s\/public\/p2901383119.webp", "width": 600, "height": 337, "size": 0}, "primary_color": "DFDFDF", "is_animated": false}, "create_time": "2023-11-30 21:30:10", "collections_count": 0, "reshares_count": 0, "id": "2901383119", "author": {"loc": null, "kind": "user", "name": "\u5f25\u6d77\u7802", "reg_time": "2015-11-04 23:17:17", "url": "https:\/\/www.douban.com\/people\/137137727\/", "uri": "douban:\/\/douban.com\/user\/137137727", "avatar": "https://img3.doubanio.com\/icon\/up137137727-12.jpg", "is_club": false, "type": "user", "id": "137137727", "uid": "137137727"}, "is_collected": false, "subtype": "photo", "type": "photo", "owner_uri": "douban:\/\/douban.com\/tv\/36093351", "status": null, "reaction_type": 0, "description": "", "sharing_url": "https:\/\/www.douban.com\/doubanapp\/dispatch?uri=\/photo\/2901383119\/", "url": "https:\/\/movie.douban.com\/photos\/photo\/2901383119\/", "reply_limit": "A", "uri": "douban:\/\/douban.com\/photo\/2901383119", "likers_count": 0, "reactions_count": 0, "comments_count": 0, "position": 76}, {"read_count": 2, "image": {"normal": {"url": "https://img1.doubanio.com\/view\/photo\/m\/public\/p2901383118.webp", "width": 600, "height": 337, "size": 0}, "large": {"url": "https://img1.doubanio.com\/view\/photo\/l\/public\/p2901383118.webp", "width": 1600, "height": 900, "size": 0}, "raw": null, "small": {"url": "https://img1.doubanio.com\/view\/photo\/s\/public\/p2901383118.webp", "width": 600, "height": 337, "size": 0}, "primary_color": "DFDFDF", "is_animated": false}, "create_time": "2023-11-30 21:30:10", "collections_count": 0, "reshares_count": 0, "id": "2901383118", "author": {"loc": null, "kind": "user", "name": "\u5f25\u6d77\u7802", "reg_time": "2015-11-04 23:17:17", "url": "https:\/\/www.douban.com\/people\/137137727\/", "uri": "douban:\/\/douban.com\/user\/137137727", "avatar": "https://img3.doubanio.com\/icon\/up137137727-12.jpg", "is_club": false, "type": "user", "id": "137137727", "uid": "137137727"}, "is_collected": false, "subtype": "photo", "type": "photo", "owner_uri": "douban:\/\/douban.com\/tv\/36093351", "status": null, "reaction_type": 0, "description": "", "sharing_url": "https:\/\/www.douban.com\/doubanapp\/dispatch?uri=\/photo\/2901383118\/", "url": "https:\/\/movie.douban.com\/photos\/photo\/2901383118\/", "reply_limit": "A", "uri": "douban:\/\/douban.com\/photo\/2901383118", "likers_count": 0, "reactions_count": 0, "comments_count": 0, "position": 77}, {"read_count": 3, "image": {"normal": {"url": "https://img3.doubanio.com\/view\/photo\/m\/public\/p2901383117.webp", "width": 600, "height": 337, "size": 0}, "large": {"url": "https://img3.doubanio.com\/view\/photo\/l\/public\/p2901383117.webp", "width": 1600, "height": 900, "size": 0}, "raw": null, "small": {"url": "https://img3.doubanio.com\/view\/photo\/s\/public\/p2901383117.webp", "width": 600, "height": 337, "size": 0}, "primary_color": "DFDFDF", "is_animated": false}, "create_time": "2023-11-30 21:30:10", "collections_count": 0, "reshares_count": 0, "id": "2901383117", "author": {"loc": null, "kind": "user", "name": "\u5f25\u6d77\u7802", "reg_time": "2015-11-04 23:17:17", "url": "https:\/\/www.douban.com\/people\/137137727\/", "uri": "douban:\/\/douban.com\/user\/137137727", "avatar": "https://img3.doubanio.com\/icon\/up137137727-12.jpg", "is_club": false, "type": "user", "id": "137137727", "uid": "137137727"}, "is_collected": false, "subtype": "photo", "type": "photo", "owner_uri": "douban:\/\/douban.com\/tv\/36093351", "status": null, "reaction_type": 0, "description": "", "sharing_url": "https:\/\/www.douban.com\/doubanapp\/dispatch?uri=\/photo\/2901383117\/", "url": "https:\/\/movie.douban.com\/photos\/photo\/2901383117\/", "reply_limit": "A", "uri": "douban:\/\/douban.com\/photo\/2901383117", "likers_count": 0, "reactions_count": 0, "comments_count": 0, "position": 78}, {"read_count": 12, "image": {"normal": {"url": "https://img9.doubanio.com\/view\/photo\/m\/public\/p2901383105.webp", "width": 600, "height": 337, "size": 0}, "large": {"url": "https://img9.doubanio.com\/view\/photo\/l\/public\/p2901383105.webp", "width": 1600, "height": 900, "size": 0}, "raw": null, "small": {"url": "https://img9.doubanio.com\/view\/photo\/s\/public\/p2901383105.webp", "width": 600, "height": 337, "size": 0}, "primary_color": "DFDFDF", "is_animated": false}, "create_time": "2023-11-30 21:29:41", "collections_count": 1, "reshares_count": 0, "id": "2901383105", "author": {"loc": null, "kind": "user", "name": "\u5f25\u6d77\u7802", "reg_time": "2015-11-04 23:17:17", "url": "https:\/\/www.douban.com\/people\/137137727\/", "uri": "douban:\/\/douban.com\/user\/137137727", "avatar": "https://img3.doubanio.com\/icon\/up137137727-12.jpg", "is_club": false, "type": "user", "id": "137137727", "uid": "137137727"}, "is_collected": false, "subtype": "photo", "type": "photo", "owner_uri": "douban:\/\/douban.com\/tv\/36093351", "status": null, "reaction_type": 0, "description": "", "sharing_url": "https:\/\/www.douban.com\/doubanapp\/dispatch?uri=\/photo\/2901383105\/", "url": "https:\/\/movie.douban.com\/photos\/photo\/2901383105\/", "reply_limit": "A", "uri": "douban:\/\/douban.com\/photo\/2901383105", "likers_count": 0, "reactions_count": 0, "comments_count": 0, "position": 79}, {"read_count": 5, "image": {"normal": {"url": "https://img9.doubanio.com\/view\/photo\/m\/public\/p2901383104.webp", "width": 600, "height": 337, "size": 0}, "large": {"url": "https://img9.doubanio.com\/view\/photo\/l\/public\/p2901383104.webp", "width": 1600, "height": 900, "size": 0}, "raw": null, "small": {"url": "https://img9.doubanio.com\/view\/photo\/s\/public\/p2901383104.webp", "width": 600, "height": 337, "size": 0}, "primary_color": "DFDFDF", "is_animated": false}, "create_time": "2023-11-30 21:29:41", "collections_count": 0, "reshares_count": 0, "id": "2901383104", "author": {"loc": null, "kind": "user", "name": "\u5f25\u6d77\u7802", "reg_time": "2015-11-04 23:17:17", "url": "https:\/\/www.douban.com\/people\/137137727\/", "uri": "douban:\/\/douban.com\/user\/137137727", "avatar": "https://img3.doubanio.com\/icon\/up137137727-12.jpg", "is_club": false, "type": "user", "id": "137137727", "uid": "137137727"}, "is_collected": false, "subtype": "photo", "type": "photo", "owner_uri": "douban:\/\/douban.com\/tv\/36093351", "status": null, "reaction_type": 0, "description": "", "sharing_url": "https:\/\/www.douban.com\/doubanapp\/dispatch?uri=\/photo\/2901383104\/", "url": "https:\/\/movie.douban.com\/photos\/photo\/2901383104\/", "reply_limit": "A", "uri": "douban:\/\/douban.com\/photo\/2901383104", "likers_count": 0, "reactions_count": 0, "comments_count": 0, "position": 80}, {"read_count": 1, "image": {"normal": {"url": "https://img3.doubanio.com\/view\/photo\/m\/public\/p2901383103.webp", "width": 600, "height": 337, "size": 0}, "large": {"url": "https://img3.doubanio.com\/view\/photo\/l\/public\/p2901383103.webp", "width": 1600, "height": 900, "size": 0}, "raw": null, "small": {"url": "https://img3.doubanio.com\/view\/photo\/s\/public\/p2901383103.webp", "width": 600, "height": 337, "size": 0}, "primary_color": "DFDFDF", "is_animated": false}, "create_time": "2023-11-30 21:29:41", "collections_count": 0, "reshares_count": 0, "id": "2901383103", "author": {"loc": null, "kind": "user", "name": "\u5f25\u6d77\u7802", "reg_time": "2015-11-04 23:17:17", "url": "https:\/\/www.douban.com\/people\/137137727\/", "uri": "douban:\/\/douban.com\/user\/137137727", "avatar": "https://img3.doubanio.com\/icon\/up137137727-12.jpg", "is_club": false, "type": "user", "id": "137137727", "uid": "137137727"}, "is_collected": false, "subtype": "photo", "type": "photo", "owner_uri": "douban:\/\/douban.com\/tv\/36093351", "status": null, "reaction_type": 0, "description": "", "sharing_url": "https:\/\/www.douban.com\/doubanapp\/dispatch?uri=\/photo\/2901383103\/", "url": "https:\/\/movie.douban.com\/photos\/photo\/2901383103\/", "reply_limit": "A", "uri": "douban:\/\/douban.com\/photo\/2901383103", "likers_count": 0, "reactions_count": 0, "comments_count": 0, "position": 81}, {"read_count": 3, "image": {"normal": {"url": "https://img2.doubanio.com\/view\/photo\/m\/public\/p2901383101.webp", "width": 600, "height": 337, "size": 0}, "large": {"url": "https://img2.doubanio.com\/view\/photo\/l\/public\/p2901383101.webp", "width": 1600, "height": 900, "size": 0}, "raw": null, "small": {"url": "https://img2.doubanio.com\/view\/photo\/s\/public\/p2901383101.webp", "width": 600, "height": 337, "size": 0}, "primary_color": "DFDFDF", "is_animated": false}, "create_time": "2023-11-30 21:29:41", "collections_count": 0, "reshares_count": 0, "id": "2901383101", "author": {"loc": null, "kind": "user", "name": "\u5f25\u6d77\u7802", "reg_time": "2015-11-04 23:17:17", "url": "https:\/\/www.douban.com\/people\/137137727\/", "uri": "douban:\/\/douban.com\/user\/137137727", "avatar": "https://img3.doubanio.com\/icon\/up137137727-12.jpg", "is_club": false, "type": "user", "id": "137137727", "uid": "137137727"}, "is_collected": false, "subtype": "photo", "type": "photo", "owner_uri": "douban:\/\/douban.com\/tv\/36093351", "status": null, "reaction_type": 0, "description": "", "sharing_url": "https:\/\/www.douban.com\/doubanapp\/dispatch?uri=\/photo\/2901383101\/", "url": "https:\/\/movie.douban.com\/photos\/photo\/2901383101\/", "reply_limit": "A", "uri": "douban:\/\/douban.com\/photo\/2901383101", "likers_count": 0, "reactions_count": 0, "comments_count": 0, "position": 82}, {"read_count": 0, "image": {"normal": {"url": "https://img1.doubanio.com\/view\/photo\/m\/public\/p2901383100.webp", "width": 600, "height": 337, "size": 0}, "large": {"url": "https://img1.doubanio.com\/view\/photo\/l\/public\/p2901383100.webp", "width": 1600, "height": 900, "size": 0}, "raw": null, "small": {"url": "https://img1.doubanio.com\/view\/photo\/s\/public\/p2901383100.webp", "width": 600, "height": 337, "size": 0}, "primary_color": "DFDFDF", "is_animated": false}, "create_time": "2023-11-30 21:29:41", "collections_count": 0, "reshares_count": 0, "id": "2901383100", "author": {"loc": null, "kind": "user", "name": "\u5f25\u6d77\u7802", "reg_time": "2015-11-04 23:17:17", "url": "https:\/\/www.douban.com\/people\/137137727\/", "uri": "douban:\/\/douban.com\/user\/137137727", "avatar": "https://img3.doubanio.com\/icon\/up137137727-12.jpg", "is_club": false, "type": "user", "id": "137137727", "uid": "137137727"}, "is_collected": false, "subtype": "photo", "type": "photo", "owner_uri": "douban:\/\/douban.com\/tv\/36093351", "status": null, "reaction_type": 0, "description": "", "sharing_url": "https:\/\/www.douban.com\/doubanapp\/dispatch?uri=\/photo\/2901383100\/", "url": "https:\/\/movie.douban.com\/photos\/photo\/2901383100\/", "reply_limit": "A", "uri": "douban:\/\/douban.com\/photo\/2901383100", "likers_count": 0, "reactions_count": 0, "comments_count": 0, "position": 83}, {"read_count": 0, "image": {"normal": {"url": "https://img1.doubanio.com\/view\/photo\/m\/public\/p2901383099.webp", "width": 600, "height": 337, "size": 0}, "large": {"url": "https://img1.doubanio.com\/view\/photo\/l\/public\/p2901383099.webp", "width": 1600, "height": 900, "size": 0}, "raw": null, "small": {"url": "https://img1.doubanio.com\/view\/photo\/s\/public\/p2901383099.webp", "width": 600, "height": 337, "size": 0}, "primary_color": "DFDFDF", "is_animated": false}, "create_time": "2023-11-30 21:29:41", "collections_count": 0, "reshares_count": 0, "id": "2901383099", "author": {"loc": null, "kind": "user", "name": "\u5f25\u6d77\u7802", "reg_time": "2015-11-04 23:17:17", "url": "https:\/\/www.douban.com\/people\/137137727\/", "uri": "douban:\/\/douban.com\/user\/137137727", "avatar": "https://img3.doubanio.com\/icon\/up137137727-12.jpg", "is_club": false, "type": "user", "id": "137137727", "uid": "137137727"}, "is_collected": false, "subtype": "photo", "type": "photo", "owner_uri": "douban:\/\/douban.com\/tv\/36093351", "status": null, "reaction_type": 0, "description": "", "sharing_url": "https:\/\/www.douban.com\/doubanapp\/dispatch?uri=\/photo\/2901383099\/", "url": "https:\/\/movie.douban.com\/photos\/photo\/2901383099\/", "reply_limit": "A", "uri": "douban:\/\/douban.com\/photo\/2901383099", "likers_count": 0, "reactions_count": 0, "comments_count": 0, "position": 84}], "w": 142, "ad_list": [], "total": 1294, "start": 200}