{"count": 8, "c": 990, "f": 0, "o": 150, "n": 12, "photos": [{"read_count": 6473, "image": {"normal": {"url": "https://img1.doubanio.com\/view\/photo\/m\/public\/p2898709229.webp", "width": 600, "size": 0, "height": 337}, "large": {"url": "https://img1.doubanio.com\/view\/photo\/l\/public\/p2898709229.webp", "width": 1280, "size": 0, "height": 720}, "raw": null, "small": {"url": "https://img1.doubanio.com\/view\/photo\/s\/public\/p2898709229.webp", "width": 600, "size": 0, "height": 337}, "primary_color": "DFDFDF", "is_animated": false}, "create_time": "2023-09-29 23:58:27", "collections_count": 1, "reshares_count": 0, "id": "2898709229", "author": {"loc": null, "kind": "user", "name": "Kai Salvo", "reg_time": "2017-01-20 19:34:47", "url": "https:\/\/www.douban.com\/people\/156663219\/", "uri": "douban:\/\/douban.com\/user\/156663219", "avatar": "https://img1.doubanio.com\/icon\/up156663219-10.jpg", "is_club": false, "type": "user", "id": "156663219", "uid": "156663219"}, "is_collected": false, "subtype": "photo", "type": "photo", "owner_uri": "douban:\/\/douban.com\/tv\/36093351", "status": null, "reaction_type": 0, "description": "", "sharing_url": "https:\/\/www.douban.com\/doubanapp\/dispatch?uri=\/photo\/2898709229\/", "likers_count": 70, "reply_limit": "A", "uri": "douban:\/\/douban.com\/photo\/2898709229", "url": "https:\/\/movie.douban.com\/photos\/photo\/2898709229\/", "reactions_count": 70, "comments_count": 1, "position": 1221}, {"read_count": 1529, "image": {"normal": {"url": "https://img3.doubanio.com\/view\/photo\/m\/public\/p2893928853.webp", "width": 600, "size": 0, "height": 337}, "large": {"url": "https://img3.doubanio.com\/view\/photo\/l\/public\/p2893928853.webp", "width": 1280, "size": 0, "height": 720}, "raw": null, "small": {"url": "https://img3.doubanio.com\/view\/photo\/s\/public\/p2893928853.webp", "width": 600, "size": 0, "height": 337}, "primary_color": "DFDFDF", "is_animated": false}, "create_time": "2023-06-30 23:34:52", "collections_count": 1, "reshares_count": 0, "id": "2893928853", "author": {"loc": {"uid": "xuzhou", "id": "118161", "name": "\u5f90\u5dde"}, "kind": "user", "name": "\u5bab\u552f\u660e", "reg_time": "2015-07-28 12:53:32", "url": "https:\/\/www.douban.com\/people\/132139055\/", "uri": "douban:\/\/douban.com\/user\/132139055", "avatar_side_icon": "https://img9.doubanio.com\/view\/files\/raw\/file-1694763386.png", "avatar_side_icon_id": "279", "avatar_side_icon_type": 3, "is_club": false, "uid": "132139055", "type": "user", "id": "132139055", "avatar": "https://img1.doubanio.com\/icon\/up132139055-8.jpg"}, "is_collected": false, "subtype": "photo", "type": "photo", "owner_uri": "douban:\/\/douban.com\/tv\/36093351", "status": null, "reaction_type": 0, "description": "", "sharing_url": "https:\/\/www.douban.com\/doubanapp\/dispatch?uri=\/photo\/2893928853\/", "likers_count": 21, "reply_limit": "A", "uri": "douban:\/\/douban.com\/photo\/2893928853", "url": "https:\/\/movie.douban.com\/photos\/photo\/2893928853\/", "reactions_count": 21, "comments_count": 7, "position": 1254}, {"read_count": 1727, "image": {"normal": {"url": "https://img3.doubanio.com\/view\/photo\/m\/public\/p2893928862.webp", "width": 600, "size": 0, "height": 337}, "large": {"url": "https://img3.doubanio.com\/view\/photo\/l\/public\/p2893928862.webp", "width": 1280, "size": 0, "height": 720}, "raw": null, "small": {"url": "https://img3.doubanio.com\/view\/photo\/s\/public\/p2893928862.webp", "width": 600, "size": 0, "height": 337}, "primary_color": "DFDFDF", "is_animated": false}, "create_time": "2023-06-30 23:34:57", "collections_count": 0, "reshares_count": 0, "id": "2893928862", "author": {"loc": {"uid": "xuzhou", "id": "118161", "name": "\u5f90\u5dde"}, "kind": "user", "name": "\u5bab\u552f\u660e", "reg_time": "2015-07-28 12:53:32", "url": "https:\/\/www.douban.com\/people\/132139055\/", "uri": "douban:\/\/douban.com\/user\/132139055", "avatar_side_icon": "https://img9.doubanio.com\/view\/files\/raw\/file-1694763386.png", "avatar_side_icon_id": "279", "avatar_side_icon_type": 3, "is_club": false, "uid": "132139055", "type": "user", "id": "132139055", "avatar": "https://img1.doubanio.com\/icon\/up132139055-8.jpg"}, "is_collected": false, "subtype": "photo", "type": "photo", "owner_uri": "douban:\/\/douban.com\/tv\/36093351", "status": null, "reaction_type": 0, "description": "", "sharing_url": "https:\/\/www.douban.com\/doubanapp\/dispatch?uri=\/photo\/2893928862\/", "likers_count": 18, "reply_limit": "A", "uri": "douban:\/\/douban.com\/photo\/2893928862", "url": "https:\/\/movie.douban.com\/photos\/photo\/2893928862\/", "reactions_count": 18, "comments_count": 0, "position": 1251}, {"read_count": 706, "image": {"normal": {"url": "https://img9.doubanio.com\/view\/photo\/m\/public\/p2893928815.webp", "width": 600, "size": 0, "height": 337}, "large": {"url": "https://img9.doubanio.com\/view\/photo\/l\/public\/p2893928815.webp", "width": 1280, "size": 0, "height": 720}, "raw": null, "small": {"url": "https://img9.doubanio.com\/view\/photo\/s\/public\/p2893928815.webp", "width": 600, "size": 0, "height": 337}, "primary_color": "DFDFDF", "is_animated": false}, "create_time": "2023-06-30 23:34:25", "collections_count": 0, "reshares_count": 0, "id": "2893928815", "author": {"loc": {"uid": "xuzhou", "id": "118161", "name": "\u5f90\u5dde"}, "kind": "user", "name": "\u5bab\u552f\u660e", "reg_time": "2015-07-28 12:53:32", "url": "https:\/\/www.douban.com\/people\/132139055\/", "uri": "douban:\/\/douban.com\/user\/132139055", "avatar_side_icon": "https://img9.doubanio.com\/view\/files\/raw\/file-1694763386.png", "avatar_side_icon_id": "279", "avatar_side_icon_type": 3, "is_club": false, "uid": "132139055", "type": "user", "id": "132139055", "avatar": "https://img1.doubanio.com\/icon\/up132139055-8.jpg"}, "is_collected": false, "subtype": "photo", "type": "photo", "owner_uri": "douban:\/\/douban.com\/tv\/36093351", "status": null, "reaction_type": 0, "description": "", "sharing_url": "https:\/\/www.douban.com\/doubanapp\/dispatch?uri=\/photo\/2893928815\/", "likers_count": 14, "reply_limit": "A", "uri": "douban:\/\/douban.com\/photo\/2893928815", "url": "https:\/\/movie.douban.com\/photos\/photo\/2893928815\/", "reactions_count": 14, "comments_count": 1, "position": 1258}, {"read_count": 255, "image": {"normal": {"url": "https://img2.doubanio.com\/view\/photo\/m\/public\/p2900284491.webp", "width": 600, "size": 0, "height": 337}, "large": {"url": "https://img2.doubanio.com\/view\/photo\/l\/public\/p2900284491.webp", "width": 1600, "size": 0, "height": 900}, "raw": null, "small": {"url": "https://img2.doubanio.com\/view\/photo\/s\/public\/p2900284491.webp", "width": 600, "size": 0, "height": 337}, "primary_color": "DFDFDF", "is_animated": false}, "create_time": "2023-11-04 23:32:26", "collections_count": 1, "reshares_count": 0, "id": "2900284491", "author": {"loc": {"uid": "xuzhou", "id": "118161", "name": "\u5f90\u5dde"}, "kind": "user", "name": "\u5bab\u552f\u660e", "reg_time": "2015-07-28 12:53:32", "url": "https:\/\/www.douban.com\/people\/132139055\/", "uri": "douban:\/\/douban.com\/user\/132139055", "avatar_side_icon": "https://img9.doubanio.com\/view\/files\/raw\/file-1694763386.png", "avatar_side_icon_id": "279", "avatar_side_icon_type": 3, "is_club": false, "uid": "132139055", "type": "user", "id": "132139055", "avatar": "https://img1.doubanio.com\/icon\/up132139055-8.jpg"}, "is_collected": false, "subtype": "photo", "type": "photo", "owner_uri": "douban:\/\/douban.com\/tv\/36093351", "status": null, "reaction_type": 0, "description": "", "sharing_url": "https:\/\/www.douban.com\/doubanapp\/dispatch?uri=\/photo\/2900284491\/", "likers_count": 7, "reply_limit": "A", "uri": "douban:\/\/douban.com\/photo\/2900284491", "url": "https:\/\/movie.douban.com\/photos\/photo\/2900284491\/", "reactions_count": 7, "comments_count": 0, "position": 390}, {"read_count": 310, "image": {"normal": {"url": "https://img1.doubanio.com\/view\/photo\/m\/public\/p2893928790.webp", "width": 600, "size": 0, "height": 337}, "large": {"url": "https://img1.doubanio.com\/view\/photo\/l\/public\/p2893928790.webp", "width": 1280, "size": 0, "height": 720}, "raw": null, "small": {"url": "https://img1.doubanio.com\/view\/photo\/s\/public\/p2893928790.webp", "width": 600, "size": 0, "height": 337}, "primary_color": "DFDFDF", "is_animated": false}, "create_time": "2023-06-30 23:33:56", "collections_count": 0, "reshares_count": 0, "id": "2893928790", "author": {"loc": {"uid": "xuzhou", "id": "118161", "name": "\u5f90\u5dde"}, "kind": "user", "name": "\u5bab\u552f\u660e", "reg_time": "2015-07-28 12:53:32", "url": "https:\/\/www.douban.com\/people\/132139055\/", "uri": "douban:\/\/douban.com\/user\/132139055", "avatar_side_icon": "https://img9.doubanio.com\/view\/files\/raw\/file-1694763386.png", "avatar_side_icon_id": "279", "avatar_side_icon_type": 3, "is_club": false, "uid": "132139055", "type": "user", "id": "132139055", "avatar": "https://img1.doubanio.com\/icon\/up132139055-8.jpg"}, "is_collected": false, "subtype": "photo", "type": "photo", "owner_uri": "douban:\/\/douban.com\/tv\/36093351", "status": null, "reaction_type": 0, "description": "", "sharing_url": "https:\/\/www.douban.com\/doubanapp\/dispatch?uri=\/photo\/2893928790\/", "likers_count": 7, "reply_limit": "A", "uri": "douban:\/\/douban.com\/photo\/2893928790", "url": "https:\/\/movie.douban.com\/photos\/photo\/2893928790\/", "reactions_count": 7, "comments_count": 0, "position": 1272}, {"read_count": 628, "image": {"normal": {"url": "https://img2.doubanio.com\/view\/photo\/m\/public\/p2889033501.webp", "width": 600, "size": 0, "height": 337}, "large": {"url": "https://img2.doubanio.com\/view\/photo\/l\/public\/p2889033501.webp", "width": 1600, "size": 0, "height": 900}, "raw": null, "small": {"url": "https://img2.doubanio.com\/view\/photo\/s\/public\/p2889033501.webp", "width": 600, "size": 0, "height": 337}, "primary_color": "DFDFDF", "is_animated": false}, "create_time": "2023-03-09 20:16:20", "collections_count": 0, "reshares_count": 0, "id": "2889033501", "author": {"loc": null, "kind": "user", "name": "Kai Salvo", "reg_time": "2017-01-20 19:34:47", "url": "https:\/\/www.douban.com\/people\/156663219\/", "uri": "douban:\/\/douban.com\/user\/156663219", "avatar": "https://img1.doubanio.com\/icon\/up156663219-10.jpg", "is_club": false, "type": "user", "id": "156663219", "uid": "156663219"}, "is_collected": false, "subtype": "photo", "type": "photo", "owner_uri": "douban:\/\/douban.com\/tv\/36093351", "status": null, "reaction_type": 0, "description": "", "sharing_url": "https:\/\/www.douban.com\/doubanapp\/dispatch?uri=\/photo\/2889033501\/", "likers_count": 7, "reply_limit": "A", "uri": "douban:\/\/douban.com\/photo\/2889033501", "url": "https:\/\/movie.douban.com\/photos\/photo\/2889033501\/", "reactions_count": 7, "comments_count": 0, "position": 1283}, {"read_count": 401, "image": {"normal": {"url": "https://img1.doubanio.com\/view\/photo\/m\/public\/p2888996419.webp", "width": 600, "size": 0, "height": 337}, "large": {"url": "https://img1.doubanio.com\/view\/photo\/l\/public\/p2888996419.webp", "width": 1280, "size": 0, "height": 720}, "raw": null, "small": {"url": "https://img1.doubanio.com\/view\/photo\/s\/public\/p2888996419.webp", "width": 600, "size": 0, "height": 337}, "primary_color": "DFDFDF", "is_animated": false}, "create_time": "2023-03-08 23:00:41", "collections_count": 0, "reshares_count": 0, "id": "2888996419", "author": {"loc": {"uid": "xuzhou", "id": "118161", "name": "\u5f90\u5dde"}, "kind": "user", "name": "\u5bab\u552f\u660e", "reg_time": "2015-07-28 12:53:32", "url": "https:\/\/www.douban.com\/people\/132139055\/", "uri": "douban:\/\/douban.com\/user\/132139055", "avatar_side_icon": "https://img9.doubanio.com\/view\/files\/raw\/file-1694763386.png", "avatar_side_icon_id": "279", "avatar_side_icon_type": 3, "is_club": false, "uid": "132139055", "type": "user", "id": "132139055", "avatar": "https://img1.doubanio.com\/icon\/up132139055-8.jpg"}, "is_collected": false, "subtype": "photo", "type": "photo", "owner_uri": "douban:\/\/douban.com\/tv\/36093351", "status": null, "reaction_type": 0, "description": "", "sharing_url": "https:\/\/www.douban.com\/doubanapp\/dispatch?uri=\/photo\/2888996419\/", "likers_count": 7, "reply_limit": "A", "uri": "douban:\/\/douban.com\/photo\/2888996419", "url": "https:\/\/movie.douban.com\/photos\/photo\/2888996419\/", "reactions_count": 7, "comments_count": 1, "position": 1284}], "w": 142, "ad_list": [], "total": 1294, "start": 0}