{"rating": {"count": 13324, "max": 10, "star_count": 4.5, "value": 9.4}, "lineticket_url": "", "controversy_reason": "", "pubdate": ["2023-09-29(\u65e5\u672c)"], "last_episode_number": null, "interest_control_info": null, "pic": {"large": "https://img1.doubanio.com\/view\/photo\/m_ratio_poster\/public\/p2895761119.webp", "normal": "https://img1.doubanio.com\/view\/photo\/s_ratio_poster\/public\/p2895761119.webp"}, "year": "2023", "vendor_count": 2, "body_bg_color": "f9f7f4", "is_tv": true, "head_info": null, "album_no_interact": false, "ticket_price_info": "", "webisode_count": 0, "can_rate": true, "card_subtitle": "2023 \/ \u65e5\u672c \/ \u5267\u60c5 \u52a8\u753b \u5947\u5e7b \u5192\u9669 \/ \u658b\u85e4\u572d\u4e00\u90ce \/ \u79cd\u5d0e\u6566\u7f8e \u5188\u672c\u4fe1\u5f66", "forum_info": null, "webisode": null, "id": "36093351", "gallery_topic_count": 0, "languages": ["\u65e5\u8bed"], "genres": ["\u5267\u60c5", "\u52a8\u753b", "\u5947\u5e7b"], "review_count": 42, "variable_modules": [{"sub_modules": [], "id": "rating"}, {"sub_modules": [], "id": "other_interests"}, {"sub_modules": [], "id": "video_photos"}, {"sub_modules": [{"id": "screenshot"}, {"id": "doulist"}, {"id": "status"}, {"id": "other_channels"}], "id": "share"}, {"sub_modules": [], "id": "related_items"}, {"sub_modules": [{"id": "count"}, {"data": [{"name": "\u70ed\u95e8", "id": "hot"}, {"name": "\u6700\u65b0", "id": "latest"}, {"name": "\u53cb\u90bb", "id": "friend"}], "id": "sort_by", "data_type": "sort_by"}, {"id": "rating_scope"}], "id": "comments"}, {"sub_modules": [], "id": "honor_infos"}, {"sub_modules": [], "id": "interest"}, {"sub_modules": [], "id": "related_subjects"}, {"sub_modules": [{"data": {"source": "reviews", "title": "\u5267\u8bc4", "type": "review", "sort_by": [{"name": "\u70ed\u95e8", "id": "hot"}, {"name": "\u6700\u65b0", "id": "latest"}, {"name": "\u53cb\u90bb", "id": "friend"}]}, "id": "ugc_tab", "data_type": "ugc_tab"}, {"data": {"count": 121, "title": "\u5c0f\u7ec4\u8ba8\u8bba", "uri": "douban:\/\/partial.douban.com\/subject\/36093351\/group_topic\/_content?group_id=738534", "source": "\u5c0f\u7ec4\u8ba8\u8bba", "type": "custom", "id": "group"}, "id": "ugc_tab", "data_type": "ugc_tab"}], "id": "ugc_tabs"}], "title": "\u846c\u9001\u7684\u8299\u8389\u83b2", "intro": "\u4e2d\u592e\u5927\u9646\u53e4\u8001\u57ce\u90a6\uff0c\u4eba\u4eec\u5939\u9053\u6b22\u547c\uff0c\u4e3a\u51fb\u8d25\u4e86\u9b54\u738b\u7684\u56db\u4eba\u7ec4\u9ad8\u58f0\u559d\u5f69\u3002\u8fd9\u56db\u4e2a\u4eba\u5206\u522b\u662f\u52c7\u8005\u8f9b\u7f8e\u5c14\uff08\u5188\u672c\u4fe1\u5f66 \u914d\u97f3\uff09\u3001\u7cbe\u7075\u9b54\u5bfc\u5e08\u8299\u8389\u83b2\uff08\u79cd\u5d0e\u6566\u7f8e \u914d\u97f3\uff09\u3001\u50e7\u4fa3\u6d77\u5854\uff08\u4e1c\u5730\u5b8f\u6811 \u914d\u97f3\uff09\u4ee5\u53ca\u77ee\u4eba\u65cf\u6218\u58eb\u827e\u6cfd\uff08\u4e0a\u7530\u8000\u53f8 \u914d\u97f3\uff09\u3002\u5728\u738b\u5bab\u76db\u5927\u7684\u665a\u5bb4\u4e0a\uff0c\u56db\u4f4d\u597d\u670b\u53cb\u76f8\u804a\u751a\u6b22\uff0c\u5e76\u4e14\u5171\u540c\u56de\u5fc6\u7740\u5f81\u9014\u4e2d\u7684\u5feb\u4e50\u79cd\u79cd\u3002\u5f53\u5929\u4e0a\u6d41\u661f\u5212\u8fc7\uff0c\u4ed6\u4eec\u76f8\u7ea6\u53bb\u4e00\u4e2a\u66f4\u597d\u7684\u5730\u65b9\u6b23\u8d4f\u8fd9\u4e2a\u4e94\u5341\u5e74\u4e00\u9047\u7684\u6d41\u661f\u96e8\u3002\u5728\u6b64\u4e4b\u540e\uff0c\u8299\u8389\u83b2\u544a\u522b\u597d\u53cb\u4eec\uff0c\u72ec\u81ea\u8e0f\u4e0a\u6536\u96c6\u9b54\u6cd5\u7684\u65c5\u7a0b\u3002\u65f6\u5149\u500f\u5ffd\u800c\u901d\uff0c\u8f6c\u773c\u4e94\u5341\u5e74\u8fc7\u53bb\uff0c\u5979\u5982\u7ea6\u56de\u5230\u4e3b\u57ce\u3002\u800c\u4e0e\u8fd9\u4e2a\u51e0\u4e4e\u62e5\u6709\u4e0d\u6b7b\u4e4b\u8eab\u4e14\u4e0d\u4f1a\u8870\u8001\u7684\u7cbe\u7075\u5f62\u6210\u9c9c\u660e\u5bf9\u6bd4\u7684\u662f\uff0c\u66fe\u7ecf\u82f1\u4fca\u5e05\u6c14\u3001\u5b54\u6b66\u6709\u529b\u7684\u670b\u53cb\u4eec\u90fd\u5df2\u7ecf\u8870\u8001\u3002\u4ed6\u4eec\u8ffd\u6614\u8fc7\u5f80\uff0c\u53c8\u65e0\u5948\u9762\u5bf9\u6b7b\u4ea1\u3002\u8fd9\u8ba9\u8299\u8389\u83b2\u7684\u5fc3\u4e2d\u4ea7\u751f\u4e86\u6ce2\u52a8\u2026\u2026\n\u672c\u7247\u6539\u7f16\u81ea\u539f\u4f5c\u5c71\u7530\u949f\u4eba\uff0c\u4f5c\u753b\u963f\u90e8\u53f8\u7684\u540c\u540d\u6f2b\u753b\u3002", "interest_cmt_earlier_tip_title": "\u53d1\u5e03\u4e8e\u4e0a\u6620\u524d", "has_linewatch": true, "vendors": [{"accessible": true, "labels": [], "click_trackings": ["https:\/\/frodo.douban.com\/rohirrim\/video_tracking\/click?subject_id=36093351&video_type=movie&video_id=982777&source=miguvideo&user_id=None&douban_udid=0643fa6abfd3eaff076ff3ee603211ded11fc344&platform=Android&location=vendor_section"], "book_type_cn": "", "payment_desc": "VIP\u514d\u8d39\u89c2\u770b", "id": "miguvideo", "impression_trackings": ["https:\/\/frodo.douban.com\/rohirrim\/video_tracking\/impression?subject_id=36093351&video_type=movie&video_id=982777&source=miguvideo&user_id=None&douban_udid=0643fa6abfd3eaff076ff3ee603211ded11fc344&platform=Android&location=vendor_section"], "style": "large", "app_uri": "miguvideo:\/\/skynet.douban.com", "title": "\u54aa\u5495\u89c6\u9891", "app_bundle_id": "com.cmcc.cmvideo", "click_tracking": "", "bg_image": "https:\/\/img2.doubanio.com\/view\/dale-online\/dale_ad\/public\/1eb6445ddeec392.jpg?company_token=kX69T8w1wyOE-dale", "is_ad": true, "impression_tracking": "", "promote_desc": "", "book_type": "", "icon": "https://img2.doubanio.com\/f\/frodo\/8286b9b5240f35c7e59e1b1768cd2ccf0467cde5\/pics\/vendors\/migu_video.png", "grey_icon": "https://img2.doubanio.com\/f\/frodo\/b69fab25c7e056f34e5bea1408a03767d7a07153\/pics\/vendors\/migu_video_grey.png", "url": "https:\/\/m.miguvideo.com\/mgs\/msite\/prd\/detail.html?cid=889482997&pwId=d01197d3076b4164af82983c408bb996", "is_paid": true, "uri": "miguvideo:\/\/miguvideo?action=%7B%22type%22%3A%22JUMP_DETAIL_PAGE%22%2C%22timeStamp%22%3A0%2C%22params%22%3A%7B%22pageID%22%3A%2261fb7b0ec4c745bb97b90eb2b14b83c7%22%2C%22frameID%22%3A%22default-frame%22%2C%22contentID%22%3A%22889482997%22%2C%22location%22%3A%22H5%22%7D%7D", "episodes_info": "\u66f4\u65b0\u81f310\u96c6", "is_in_whitelist": false, "payments": [{"price": "", "description": "", "method": "VIP\u514d\u8d39\u89c2\u770b"}], "pre_release_desc": "", "subject_id": "36093351"}, {"accessible": true, "labels": [], "click_trackings": ["https:\/\/frodo.douban.com\/rohirrim\/video_tracking\/click?subject_id=36093351&video_type=movie&video_id=980533&source=bilibili&user_id=None&douban_udid=0643fa6abfd3eaff076ff3ee603211ded11fc344&platform=Android&location=vendor_section"], "book_type_cn": "", "payment_desc": "VIP\u514d\u8d39\u89c2\u770b", "id": "bilibili", "impression_trackings": ["https:\/\/frodo.douban.com\/rohirrim\/video_tracking\/impression?subject_id=36093351&video_type=movie&video_id=980533&source=bilibili&user_id=None&douban_udid=0643fa6abfd3eaff076ff3ee603211ded11fc344&platform=Android&location=vendor_section"], "style": "large", "app_uri": "bilibili:\/\/skynet.douban.com", "title": "\u54d4\u54e9\u54d4\u54e9", "app_bundle_id": "tv.danmaku.bili", "click_tracking": "", "bg_image": "", "is_ad": false, "impression_tracking": "", "promote_desc": "", "book_type": "", "icon": "https://img9.doubanio.com\/f\/frodo\/88a62f5e0cf9981c910e60f4421c3e66aac2c9bc\/pics\/vendors\/bilibili.png", "grey_icon": "https://img2.doubanio.com\/f\/frodo\/306bfa7ea3d607e3525063ac6aea156b2ca163f5\/pics\/vendors\/bilibili_grey.png", "url": "https:\/\/m.bilibili.com\/bangumi\/play\/ep779775?bsource=doubanh5", "is_paid": true, "uri": "bilibili:\/\/pgc\/season\/46089?h5awaken=b3Blbl9hcHBfZnJvbV90eXBlPWg1Jm9wZW5fYXBwX2FkZGl0aW9uPSU3QiUyMmJzb3VyY2UlMjIlM0ElMjJkb3ViYW5kcSUyMiUyQyUyMml2a19mcm9tJTIyJTNBJTIyZG91YmFuZHElMjIlN0Q=", "episodes_info": "\u66f4\u65b0\u81f310\u96c6", "is_in_whitelist": false, "payments": [{"price": "", "description": "", "method": "VIP\u514d\u8d39\u89c2\u770b"}], "pre_release_desc": "", "subject_id": "36093351"}], "forum_topic_count": 3, "ticket_promo_text": "", "webview_info": {}, "is_released": true, "comment_count": 2694, "actors": [{"name": "\u79cd\u5d0e\u6566\u7f8e"}, {"name": "\u5188\u672c\u4fe1\u5f66"}, {"name": "\u4e1c\u5730\u5b8f\u6811"}, {"name": "\u4e0a\u7530\u8000\u53f8"}, {"name": "\u5e02\u4e4b\u6fd1\u52a0\u90a3"}, {"name": "\u5c0f\u6797\u5343\u6643"}], "interest": null, "subtype": "tv", "episodes_count": 28, "color_scheme": {"is_dark": true, "primary_color_light": "a59b8f", "_base_color": [0.0919540229885057, 0.13679245283018873, 0.8313725490196079], "secondary_color": "f9f7f4", "_avg_color": [0.08771929824561402, 0.10857142857142851, 0.6862745098039216], "primary_color_dark": "7f776e"}, "type": "tv", "linewatches": [], "info_url": "https:\/\/www.douban.com\/doubanapp\/\/h5\/movie\/36093351\/desc", "tags": [], "vendor_desc": "", "durations": ["30\u5206\u949f"], "cover": {"description": "", "author": {"loc": {"id": "118318", "name": "\u6210\u90fd", "uid": "chengdu"}, "kind": "user", "name": "\u5fcf\u9e1f", "reg_time": "2011-11-11 22:10:53", "url": "https:\/\/www.douban.com\/people\/55963963\/", "uri": "douban:\/\/douban.com\/user\/55963963", "id": "55963963", "avatar_side_icon_type": 3, "avatar_side_icon_id": "299", "avatar": "https://img2.doubanio.com\/icon\/up55963963-181.jpg", "is_club": false, "type": "user", "avatar_side_icon": "https://img9.doubanio.com\/view\/files\/raw\/file-1700016465.png", "uid": "lzlorde"}, "url": "https:\/\/movie.douban.com\/photos\/photo\/2895761119\/", "image": {"normal": {"url": "https://img1.doubanio.com\/view\/photo\/m\/public\/p2895761119.webp", "width": 450, "height": 600, "size": 0}, "large": {"url": "https://img1.doubanio.com\/view\/photo\/l\/public\/p2895761119.webp", "width": 1200, "height": 1600, "size": 0}, "raw": null, "small": {"url": "https://img1.doubanio.com\/view\/photo\/s\/public\/p2895761119.webp", "width": 450, "height": 600, "size": 0}, "primary_color": "DFDFDF", "is_animated": false}, "uri": "douban:\/\/douban.com\/photo\/2895761119", "create_time": "2023-07-19 18:06:37", "position": 0, "owner_uri": "douban:\/\/douban.com\/tv\/36093351", "type": "photo", "id": "2895761119", "sharing_url": "https:\/\/www.douban.com\/doubanapp\/dispatch?uri=\/photo\/2895761119\/"}, "cover_url": "https://img1.doubanio.com\/view\/photo\/m_ratio_poster\/public\/p2895761119.webp", "trailers": [], "header_bg_color": "7f776e", "is_douban_intro": true, "ticket_vendor_icons": ["https:\/\/img9.doubanio.com\/view\/dale-online\/dale_ad\/public\/0589a62f2f2d7c2.jpg"], "honor_infos": [], "sharing_url": "https:\/\/movie.douban.com\/subject\/36093351\/", "subject_collections": [], "wechat_timeline_share": "screenshot", "restrictive_icon_url": "", "rate_info": "", "release_date": null, "countries": ["\u65e5\u672c"], "original_title": "\u846c\u9001\u306e\u30d5\u30ea\u30fc\u30ec\u30f3", "uri": "douban:\/\/douban.com\/tv\/36093351", "pre_playable_date": null, "episodes_info": "\u66f4\u65b0\u81f310\u96c6", "url": "https:\/\/movie.douban.com\/subject\/36093351\/", "directors": [{"name": "\u658b\u85e4\u572d\u4e00\u90ce"}], "is_show": false, "vendor_icons": ["https://img2.doubanio.com\/f\/frodo\/8286b9b5240f35c7e59e1b1768cd2ccf0467cde5\/pics\/vendors\/migu_video.png", "https://img9.doubanio.com\/f\/frodo\/88a62f5e0cf9981c910e60f4421c3e66aac2c9bc\/pics\/vendors\/bilibili.png"], "pre_release_desc": "", "video": null, "aka": ["Frieren: Beyond Journey's End"], "is_restrictive": false, "null_rating_reason": "", "interest_cmt_earlier_tip_desc": "\u8be5\u77ed\u8bc4\u7684\u53d1\u5e03\u65f6\u95f4\u65e9\u4e8e\u516c\u5f00\u4e0a\u6620\u65f6\u95f4\uff0c\u4f5c\u8005\u53ef\u80fd\u901a\u8fc7\u5176\u4ed6\u6e20\u9053\u63d0\u524d\u89c2\u770b\uff0c\u8bf7\u8c28\u614e\u53c2\u8003\u3002\u5176\u8bc4\u5206\u5c06\u4e0d\u8ba1\u5165\u603b\u8bc4\u5206\u3002"}