{"count": 50, "c": 990, "f": 0, "o": 150, "n": 12, "photos": [{"read_count": 6473, "image": {"normal": {"url": "https://img1.doubanio.com\/view\/photo\/m\/public\/p2898709229.webp", "width": 600, "height": 337, "size": 0}, "large": {"url": "https://img1.doubanio.com\/view\/photo\/l\/public\/p2898709229.webp", "width": 1280, "height": 720, "size": 0}, "raw": null, "small": {"url": "https://img1.doubanio.com\/view\/photo\/s\/public\/p2898709229.webp", "width": 600, "height": 337, "size": 0}, "primary_color": "DFDFDF", "is_animated": false}, "create_time": "2023-09-29 23:58:27", "collections_count": 1, "reshares_count": 0, "id": "2898709229", "author": {"loc": null, "kind": "user", "name": "Kai Salvo", "reg_time": "2017-01-20 19:34:47", "url": "https:\/\/www.douban.com\/people\/156663219\/", "uri": "douban:\/\/douban.com\/user\/156663219", "avatar": "https://img1.doubanio.com\/icon\/up156663219-10.jpg", "is_club": false, "type": "user", "id": "156663219", "uid": "156663219"}, "is_collected": false, "subtype": "photo", "type": "photo", "owner_uri": "douban:\/\/douban.com\/tv\/36093351", "status": null, "reaction_type": 0, "description": "", "sharing_url": "https:\/\/www.douban.com\/doubanapp\/dispatch?uri=\/photo\/2898709229\/", "url": "https:\/\/movie.douban.com\/photos\/photo\/2898709229\/", "reply_limit": "A", "uri": "douban:\/\/douban.com\/photo\/2898709229", "likers_count": 70, "reactions_count": 70, "comments_count": 1, "position": 1221}, {"read_count": 1529, "image": {"normal": {"url": "https://img3.doubanio.com\/view\/photo\/m\/public\/p2893928853.webp", "width": 600, "height": 337, "size": 0}, "large": {"url": "https://img3.doubanio.com\/view\/photo\/l\/public\/p2893928853.webp", "width": 1280, "height": 720, "size": 0}, "raw": null, "small": {"url": "https://img3.doubanio.com\/view\/photo\/s\/public\/p2893928853.webp", "width": 600, "height": 337, "size": 0}, "primary_color": "DFDFDF", "is_animated": false}, "create_time": "2023-06-30 23:34:52", "collections_count": 1, "reshares_count": 0, "id": "2893928853", "author": {"loc": {"id": "118161", "name": "\u5f90\u5dde", "uid": "xuzhou"}, "kind": "user", "name": "\u5bab\u552f\u660e", "reg_time": "2015-07-28 12:53:32", "url": "https:\/\/www.douban.com\/people\/132139055\/", "uri": "douban:\/\/douban.com\/user\/132139055", "id": "132139055", "avatar_side_icon_type": 3, "avatar_side_icon_id": "279", "avatar": "https://img1.doubanio.com\/icon\/up132139055-8.jpg", "is_club": false, "type": "user", "avatar_side_icon": "https://img9.doubanio.com\/view\/files\/raw\/file-1694763386.png", "uid": "132139055"}, "is_collected": false, "subtype": "photo", "type": "photo", "owner_uri": "douban:\/\/douban.com\/tv\/36093351", "status": null, "reaction_type": 0, "description": "", "sharing_url": "https:\/\/www.douban.com\/doubanapp\/dispatch?uri=\/photo\/2893928853\/", "url": "https:\/\/movie.douban.com\/photos\/photo\/2893928853\/", "reply_limit": "A", "uri": "douban:\/\/douban.com\/photo\/2893928853", "likers_count": 21, "reactions_count": 21, "comments_count": 7, "position": 1254}, {"read_count": 1727, "image": {"normal": {"url": "https://img3.doubanio.com\/view\/photo\/m\/public\/p2893928862.webp", "width": 600, "height": 337, "size": 0}, "large": {"url": "https://img3.doubanio.com\/view\/photo\/l\/public\/p2893928862.webp", "width": 1280, "height": 720, "size": 0}, "raw": null, "small": {"url": "https://img3.doubanio.com\/view\/photo\/s\/public\/p2893928862.webp", "width": 600, "height": 337, "size": 0}, "primary_color": "DFDFDF", "is_animated": false}, "create_time": "2023-06-30 23:34:57", "collections_count": 0, "reshares_count": 0, "id": "2893928862", "author": {"loc": {"id": "118161", "name": "\u5f90\u5dde", "uid": "xuzhou"}, "kind": "user", "name": "\u5bab\u552f\u660e", "reg_time": "2015-07-28 12:53:32", "url": "https:\/\/www.douban.com\/people\/132139055\/", "uri": "douban:\/\/douban.com\/user\/132139055", "id": "132139055", "avatar_side_icon_type": 3, "avatar_side_icon_id": "279", "avatar": "https://img1.doubanio.com\/icon\/up132139055-8.jpg", "is_club": false, "type": "user", "avatar_side_icon": "https://img9.doubanio.com\/view\/files\/raw\/file-1694763386.png", "uid": "132139055"}, "is_collected": false, "subtype": "photo", "type": "photo", "owner_uri": "douban:\/\/douban.com\/tv\/36093351", "status": null, "reaction_type": 0, "description": "", "sharing_url": "https:\/\/www.douban.com\/doubanapp\/dispatch?uri=\/photo\/2893928862\/", "url": "https:\/\/movie.douban.com\/photos\/photo\/2893928862\/", "reply_limit": "A", "uri": "douban:\/\/douban.com\/photo\/2893928862", "likers_count": 18, "reactions_count": 18, "comments_count": 0, "position": 1251}, {"read_count": 706, "image": {"normal": {"url": "https://img9.doubanio.com\/view\/photo\/m\/public\/p2893928815.webp", "width": 600, "height": 337, "size": 0}, "large": {"url": "https://img9.doubanio.com\/view\/photo\/l\/public\/p2893928815.webp", "width": 1280, "height": 720, "size": 0}, "raw": null, "small": {"url": "https://img9.doubanio.com\/view\/photo\/s\/public\/p2893928815.webp", "width": 600, "height": 337, "size": 0}, "primary_color": "DFDFDF", "is_animated": false}, "create_time": "2023-06-30 23:34:25", "collections_count": 0, "reshares_count": 0, "id": "2893928815", "author": {"loc": {"id": "118161", "name": "\u5f90\u5dde", "uid": "xuzhou"}, "kind": "user", "name": "\u5bab\u552f\u660e", "reg_time": "2015-07-28 12:53:32", "url": "https:\/\/www.douban.com\/people\/132139055\/", "uri": "douban:\/\/douban.com\/user\/132139055", "id": "132139055", "avatar_side_icon_type": 3, "avatar_side_icon_id": "279", "avatar": "https://img1.doubanio.com\/icon\/up132139055-8.jpg", "is_club": false, "type": "user", "avatar_side_icon": "https://img9.doubanio.com\/view\/files\/raw\/file-1694763386.png", "uid": "132139055"}, "is_collected": false, "subtype": "photo", "type": "photo", "owner_uri": "douban:\/\/douban.com\/tv\/36093351", "status": null, "reaction_type": 0, "description": "", "sharing_url": "https:\/\/www.douban.com\/doubanapp\/dispatch?uri=\/photo\/2893928815\/", "url": "https:\/\/movie.douban.com\/photos\/photo\/2893928815\/", "reply_limit": "A", "uri": "douban:\/\/douban.com\/photo\/2893928815", "likers_count": 14, "reactions_count": 14, "comments_count": 1, "position": 1258}, {"read_count": 255, "image": {"normal": {"url": "https://img2.doubanio.com\/view\/photo\/m\/public\/p2900284491.webp", "width": 600, "height": 337, "size": 0}, "large": {"url": "https://img2.doubanio.com\/view\/photo\/l\/public\/p2900284491.webp", "width": 1600, "height": 900, "size": 0}, "raw": null, "small": {"url": "https://img2.doubanio.com\/view\/photo\/s\/public\/p2900284491.webp", "width": 600, "height": 337, "size": 0}, "primary_color": "DFDFDF", "is_animated": false}, "create_time": "2023-11-04 23:32:26", "collections_count": 1, "reshares_count": 0, "id": "2900284491", "author": {"loc": {"id": "118161", "name": "\u5f90\u5dde", "uid": "xuzhou"}, "kind": "user", "name": "\u5bab\u552f\u660e", "reg_time": "2015-07-28 12:53:32", "url": "https:\/\/www.douban.com\/people\/132139055\/", "uri": "douban:\/\/douban.com\/user\/132139055", "id": "132139055", "avatar_side_icon_type": 3, "avatar_side_icon_id": "279", "avatar": "https://img1.doubanio.com\/icon\/up132139055-8.jpg", "is_club": false, "type": "user", "avatar_side_icon": "https://img9.doubanio.com\/view\/files\/raw\/file-1694763386.png", "uid": "132139055"}, "is_collected": false, "subtype": "photo", "type": "photo", "owner_uri": "douban:\/\/douban.com\/tv\/36093351", "status": null, "reaction_type": 0, "description": "", "sharing_url": "https:\/\/www.douban.com\/doubanapp\/dispatch?uri=\/photo\/2900284491\/", "url": "https:\/\/movie.douban.com\/photos\/photo\/2900284491\/", "reply_limit": "A", "uri": "douban:\/\/douban.com\/photo\/2900284491", "likers_count": 7, "reactions_count": 7, "comments_count": 0, "position": 390}, {"read_count": 310, "image": {"normal": {"url": "https://img1.doubanio.com\/view\/photo\/m\/public\/p2893928790.webp", "width": 600, "height": 337, "size": 0}, "large": {"url": "https://img1.doubanio.com\/view\/photo\/l\/public\/p2893928790.webp", "width": 1280, "height": 720, "size": 0}, "raw": null, "small": {"url": "https://img1.doubanio.com\/view\/photo\/s\/public\/p2893928790.webp", "width": 600, "height": 337, "size": 0}, "primary_color": "DFDFDF", "is_animated": false}, "create_time": "2023-06-30 23:33:56", "collections_count": 0, "reshares_count": 0, "id": "2893928790", "author": {"loc": {"id": "118161", "name": "\u5f90\u5dde", "uid": "xuzhou"}, "kind": "user", "name": "\u5bab\u552f\u660e", "reg_time": "2015-07-28 12:53:32", "url": "https:\/\/www.douban.com\/people\/132139055\/", "uri": "douban:\/\/douban.com\/user\/132139055", "id": "132139055", "avatar_side_icon_type": 3, "avatar_side_icon_id": "279", "avatar": "https://img1.doubanio.com\/icon\/up132139055-8.jpg", "is_club": false, "type": "user", "avatar_side_icon": "https://img9.doubanio.com\/view\/files\/raw\/file-1694763386.png", "uid": "132139055"}, "is_collected": false, "subtype": "photo", "type": "photo", "owner_uri": "douban:\/\/douban.com\/tv\/36093351", "status": null, "reaction_type": 0, "description": "", "sharing_url": "https:\/\/www.douban.com\/doubanapp\/dispatch?uri=\/photo\/2893928790\/", "url": "https:\/\/movie.douban.com\/photos\/photo\/2893928790\/", "reply_limit": "A", "uri": "douban:\/\/douban.com\/photo\/2893928790", "likers_count": 7, "reactions_count": 7, "comments_count": 0, "position": 1272}, {"read_count": 628, "image": {"normal": {"url": "https://img2.doubanio.com\/view\/photo\/m\/public\/p2889033501.webp", "width": 600, "height": 337, "size": 0}, "large": {"url": "https://img2.doubanio.com\/view\/photo\/l\/public\/p2889033501.webp", "width": 1600, "height": 900, "size": 0}, "raw": null, "small": {"url": "https://img2.doubanio.com\/view\/photo\/s\/public\/p2889033501.webp", "width": 600, "height": 337, "size": 0}, "primary_color": "DFDFDF", "is_animated": false}, "create_time": "2023-03-09 20:16:20", "collections_count": 0, "reshares_count": 0, "id": "2889033501", "author": {"loc": null, "kind": "user", "name": "Kai Salvo", "reg_time": "2017-01-20 19:34:47", "url": "https:\/\/www.douban.com\/people\/156663219\/", "uri": "douban:\/\/douban.com\/user\/156663219", "avatar": "https://img1.doubanio.com\/icon\/up156663219-10.jpg", "is_club": false, "type": "user", "id": "156663219", "uid": "156663219"}, "is_collected": false, "subtype": "photo", "type": "photo", "owner_uri": "douban:\/\/douban.com\/tv\/36093351", "status": null, "reaction_type": 0, "description": "", "sharing_url": "https:\/\/www.douban.com\/doubanapp\/dispatch?uri=\/photo\/2889033501\/", "url": "https:\/\/movie.douban.com\/photos\/photo\/2889033501\/", "reply_limit": "A", "uri": "douban:\/\/douban.com\/photo\/2889033501", "likers_count": 7, "reactions_count": 7, "comments_count": 0, "position": 1283}, {"read_count": 401, "image": {"normal": {"url": "https://img1.doubanio.com\/view\/photo\/m\/public\/p2888996419.webp", "width": 600, "height": 337, "size": 0}, "large": {"url": "https://img1.doubanio.com\/view\/photo\/l\/public\/p2888996419.webp", "width": 1280, "height": 720, "size": 0}, "raw": null, "small": {"url": "https://img1.doubanio.com\/view\/photo\/s\/public\/p2888996419.webp", "width": 600, "height": 337, "size": 0}, "primary_color": "DFDFDF", "is_animated": false}, "create_time": "2023-03-08 23:00:41", "collections_count": 0, "reshares_count": 0, "id": "2888996419", "author": {"loc": {"id": "118161", "name": "\u5f90\u5dde", "uid": "xuzhou"}, "kind": "user", "name": "\u5bab\u552f\u660e", "reg_time": "2015-07-28 12:53:32", "url": "https:\/\/www.douban.com\/people\/132139055\/", "uri": "douban:\/\/douban.com\/user\/132139055", "id": "132139055", "avatar_side_icon_type": 3, "avatar_side_icon_id": "279", "avatar": "https://img1.doubanio.com\/icon\/up132139055-8.jpg", "is_club": false, "type": "user", "avatar_side_icon": "https://img9.doubanio.com\/view\/files\/raw\/file-1694763386.png", "uid": "132139055"}, "is_collected": false, "subtype": "photo", "type": "photo", "owner_uri": "douban:\/\/douban.com\/tv\/36093351", "status": null, "reaction_type": 0, "description": "", "sharing_url": "https:\/\/www.douban.com\/doubanapp\/dispatch?uri=\/photo\/2888996419\/", "url": "https:\/\/movie.douban.com\/photos\/photo\/2888996419\/", "reply_limit": "A", "uri": "douban:\/\/douban.com\/photo\/2888996419", "likers_count": 7, "reactions_count": 7, "comments_count": 1, "position": 1284}, {"read_count": 52, "image": {"normal": {"url": "https://img1.doubanio.com\/view\/photo\/m\/public\/p2901729848.webp", "width": 600, "height": 337, "size": 0}, "large": {"url": "https://img1.doubanio.com\/view\/photo\/l\/public\/p2901729848.webp", "width": 960, "height": 540, "size": 0}, "raw": null, "small": {"url": "https://img1.doubanio.com\/view\/photo\/s\/public\/p2901729848.webp", "width": 600, "height": 337, "size": 0}, "primary_color": "DFDFDF", "is_animated": false}, "create_time": "2023-12-09 00:45:38", "collections_count": 0, "reshares_count": 0, "id": "2901729848", "author": {"loc": {"id": "118161", "name": "\u5f90\u5dde", "uid": "xuzhou"}, "kind": "user", "name": "\u5bab\u552f\u660e", "reg_time": "2015-07-28 12:53:32", "url": "https:\/\/www.douban.com\/people\/132139055\/", "uri": "douban:\/\/douban.com\/user\/132139055", "id": "132139055", "avatar_side_icon_type": 3, "avatar_side_icon_id": "279", "avatar": "https://img1.doubanio.com\/icon\/up132139055-8.jpg", "is_club": false, "type": "user", "avatar_side_icon": "https://img9.doubanio.com\/view\/files\/raw\/file-1694763386.png", "uid": "132139055"}, "is_collected": false, "subtype": "photo", "type": "photo", "owner_uri": "douban:\/\/douban.com\/tv\/36093351", "status": null, "reaction_type": 0, "description": "", "sharing_url": "https:\/\/www.douban.com\/doubanapp\/dispatch?uri=\/photo\/2901729848\/", "url": "https:\/\/movie.douban.com\/photos\/photo\/2901729848\/", "reply_limit": "A", "uri": "douban:\/\/douban.com\/photo\/2901729848", "likers_count": 6, "reactions_count": 6, "comments_count": 0, "position": 8}, {"read_count": 170, "image": {"normal": {"url": "https://img1.doubanio.com\/view\/photo\/m\/public\/p2899448800.webp", "width": 600, "height": 337, "size": 0}, "large": {"url": "https://img1.doubanio.com\/view\/photo\/l\/public\/p2899448800.webp", "width": 1600, "height": 900, "size": 0}, "raw": null, "small": {"url": "https://img1.doubanio.com\/view\/photo\/s\/public\/p2899448800.webp", "width": 600, "height": 337, "size": 0}, "primary_color": "DFDFDF", "is_animated": false}, "create_time": "2023-10-16 15:00:58", "collections_count": 0, "reshares_count": 0, "id": "2899448800", "author": {"loc": {"id": "118161", "name": "\u5f90\u5dde", "uid": "xuzhou"}, "kind": "user", "name": "\u5bab\u552f\u660e", "reg_time": "2015-07-28 12:53:32", "url": "https:\/\/www.douban.com\/people\/132139055\/", "uri": "douban:\/\/douban.com\/user\/132139055", "id": "132139055", "avatar_side_icon_type": 3, "avatar_side_icon_id": "279", "avatar": "https://img1.doubanio.com\/icon\/up132139055-8.jpg", "is_club": false, "type": "user", "avatar_side_icon": "https://img9.doubanio.com\/view\/files\/raw\/file-1694763386.png", "uid": "132139055"}, "is_collected": false, "subtype": "photo", "type": "photo", "owner_uri": "douban:\/\/douban.com\/tv\/36093351", "status": null, "reaction_type": 0, "description": "", "sharing_url": "https:\/\/www.douban.com\/doubanapp\/dispatch?uri=\/photo\/2899448800\/", "url": "https:\/\/movie.douban.com\/photos\/photo\/2899448800\/", "reply_limit": "A", "uri": "douban:\/\/douban.com\/photo\/2899448800", "likers_count": 6, "reactions_count": 6, "comments_count": 1, "position": 840}, {"read_count": 74, "image": {"normal": {"url": "https://img3.doubanio.com\/view\/photo\/m\/public\/p2901385882.webp", "width": 600, "height": 337, "size": 0}, "large": {"url": "https://img3.doubanio.com\/view\/photo\/l\/public\/p2901385882.webp", "width": 1600, "height": 900, "size": 0}, "raw": null, "small": {"url": "https://img3.doubanio.com\/view\/photo\/s\/public\/p2901385882.webp", "width": 600, "height": 337, "size": 0}, "primary_color": "DFDFDF", "is_animated": false}, "create_time": "2023-11-30 22:59:52", "collections_count": 0, "reshares_count": 0, "id": "2901385882", "author": {"loc": {"id": "118161", "name": "\u5f90\u5dde", "uid": "xuzhou"}, "kind": "user", "name": "\u5bab\u552f\u660e", "reg_time": "2015-07-28 12:53:32", "url": "https:\/\/www.douban.com\/people\/132139055\/", "uri": "douban:\/\/douban.com\/user\/132139055", "id": "132139055", "avatar_side_icon_type": 3, "avatar_side_icon_id": "279", "avatar": "https://img1.doubanio.com\/icon\/up132139055-8.jpg", "is_club": false, "type": "user", "avatar_side_icon": "https://img9.doubanio.com\/view\/files\/raw\/file-1694763386.png", "uid": "132139055"}, "is_collected": false, "subtype": "photo", "type": "photo", "owner_uri": "douban:\/\/douban.com\/tv\/36093351", "status": null, "reaction_type": 0, "description": "", "sharing_url": "https:\/\/www.douban.com\/doubanapp\/dispatch?uri=\/photo\/2901385882\/", "url": "https:\/\/movie.douban.com\/photos\/photo\/2901385882\/", "reply_limit": "A", "uri": "douban:\/\/douban.com\/photo\/2901385882", "likers_count": 5, "reactions_count": 5, "comments_count": 0, "position": 64}, {"read_count": 218, "image": {"normal": {"url": "https://img3.doubanio.com\/view\/photo\/m\/public\/p2900585463.webp", "width": 600, "height": 337, "size": 0}, "large": {"url": "https://img3.doubanio.com\/view\/photo\/l\/public\/p2900585463.webp", "width": 1600, "height": 900, "size": 0}, "raw": null, "small": {"url": "https://img3.doubanio.com\/view\/photo\/s\/public\/p2900585463.webp", "width": 600, "height": 337, "size": 0}, "primary_color": "DFDFDF", "is_animated": false}, "create_time": "2023-11-11 23:29:43", "collections_count": 0, "reshares_count": 0, "id": "2900585463", "author": {"loc": {"id": "118161", "name": "\u5f90\u5dde", "uid": "xuzhou"}, "kind": "user", "name": "\u5bab\u552f\u660e", "reg_time": "2015-07-28 12:53:32", "url": "https:\/\/www.douban.com\/people\/132139055\/", "uri": "douban:\/\/douban.com\/user\/132139055", "id": "132139055", "avatar_side_icon_type": 3, "avatar_side_icon_id": "279", "avatar": "https://img1.doubanio.com\/icon\/up132139055-8.jpg", "is_club": false, "type": "user", "avatar_side_icon": "https://img9.doubanio.com\/view\/files\/raw\/file-1694763386.png", "uid": "132139055"}, "is_collected": false, "subtype": "photo", "type": "photo", "owner_uri": "douban:\/\/douban.com\/tv\/36093351", "status": null, "reaction_type": 0, "description": "", "sharing_url": "https:\/\/www.douban.com\/doubanapp\/dispatch?uri=\/photo\/2900585463\/", "url": "https:\/\/movie.douban.com\/photos\/photo\/2900585463\/", "reply_limit": "A", "uri": "douban:\/\/douban.com\/photo\/2900585463", "likers_count": 5, "reactions_count": 5, "comments_count": 0, "position": 288}, {"read_count": 185, "image": {"normal": {"url": "https://img1.doubanio.com\/view\/photo\/m\/public\/p2900284439.webp", "width": 600, "height": 337, "size": 0}, "large": {"url": "https://img1.doubanio.com\/view\/photo\/l\/public\/p2900284439.webp", "width": 1600, "height": 900, "size": 0}, "raw": null, "small": {"url": "https://img1.doubanio.com\/view\/photo\/s\/public\/p2900284439.webp", "width": 600, "height": 337, "size": 0}, "primary_color": "DFDFDF", "is_animated": false}, "create_time": "2023-11-04 23:31:51", "collections_count": 0, "reshares_count": 0, "id": "2900284439", "author": {"loc": {"id": "118161", "name": "\u5f90\u5dde", "uid": "xuzhou"}, "kind": "user", "name": "\u5bab\u552f\u660e", "reg_time": "2015-07-28 12:53:32", "url": "https:\/\/www.douban.com\/people\/132139055\/", "uri": "douban:\/\/douban.com\/user\/132139055", "id": "132139055", "avatar_side_icon_type": 3, "avatar_side_icon_id": "279", "avatar": "https://img1.doubanio.com\/icon\/up132139055-8.jpg", "is_club": false, "type": "user", "avatar_side_icon": "https://img9.doubanio.com\/view\/files\/raw\/file-1694763386.png", "uid": "132139055"}, "is_collected": false, "subtype": "photo", "type": "photo", "owner_uri": "douban:\/\/douban.com\/tv\/36093351", "status": null, "reaction_type": 0, "description": "", "sharing_url": "https:\/\/www.douban.com\/doubanapp\/dispatch?uri=\/photo\/2900284439\/", "url": "https:\/\/movie.douban.com\/photos\/photo\/2900284439\/", "reply_limit": "A", "uri": "douban:\/\/douban.com\/photo\/2900284439", "likers_count": 4, "reactions_count": 4, "comments_count": 0, "position": 401}, {"read_count": 226, "image": {"normal": {"url": "https://img9.doubanio.com\/view\/photo\/m\/public\/p2893928806.webp", "width": 600, "height": 337, "size": 0}, "large": {"url": "https://img9.doubanio.com\/view\/photo\/l\/public\/p2893928806.webp", "width": 1280, "height": 720, "size": 0}, "raw": null, "small": {"url": "https://img9.doubanio.com\/view\/photo\/s\/public\/p2893928806.webp", "width": 600, "height": 337, "size": 0}, "primary_color": "DFDFDF", "is_animated": false}, "create_time": "2023-06-30 23:34:24", "collections_count": 0, "reshares_count": 0, "id": "2893928806", "author": {"loc": {"id": "118161", "name": "\u5f90\u5dde", "uid": "xuzhou"}, "kind": "user", "name": "\u5bab\u552f\u660e", "reg_time": "2015-07-28 12:53:32", "url": "https:\/\/www.douban.com\/people\/132139055\/", "uri": "douban:\/\/douban.com\/user\/132139055", "id": "132139055", "avatar_side_icon_type": 3, "avatar_side_icon_id": "279", "avatar": "https://img1.doubanio.com\/icon\/up132139055-8.jpg", "is_club": false, "type": "user", "avatar_side_icon": "https://img9.doubanio.com\/view\/files\/raw\/file-1694763386.png", "uid": "132139055"}, "is_collected": false, "subtype": "photo", "type": "photo", "owner_uri": "douban:\/\/douban.com\/tv\/36093351", "status": null, "reaction_type": 0, "description": "", "sharing_url": "https:\/\/www.douban.com\/doubanapp\/dispatch?uri=\/photo\/2893928806\/", "url": "https:\/\/movie.douban.com\/photos\/photo\/2893928806\/", "reply_limit": "A", "uri": "douban:\/\/douban.com\/photo\/2893928806", "likers_count": 3, "reactions_count": 3, "comments_count": 0, "position": 1265}, {"read_count": 313, "image": {"normal": {"url": "https://img3.doubanio.com\/view\/photo\/m\/public\/p2888996413.webp", "width": 600, "height": 337, "size": 0}, "large": {"url": "https://img3.doubanio.com\/view\/photo\/l\/public\/p2888996413.webp", "width": 1280, "height": 720, "size": 0}, "raw": null, "small": {"url": "https://img3.doubanio.com\/view\/photo\/s\/public\/p2888996413.webp", "width": 600, "height": 337, "size": 0}, "primary_color": "DFDFDF", "is_animated": false}, "create_time": "2023-03-08 23:00:40", "collections_count": 0, "reshares_count": 0, "id": "2888996413", "author": {"loc": {"id": "118161", "name": "\u5f90\u5dde", "uid": "xuzhou"}, "kind": "user", "name": "\u5bab\u552f\u660e", "reg_time": "2015-07-28 12:53:32", "url": "https:\/\/www.douban.com\/people\/132139055\/", "uri": "douban:\/\/douban.com\/user\/132139055", "id": "132139055", "avatar_side_icon_type": 3, "avatar_side_icon_id": "279", "avatar": "https://img1.doubanio.com\/icon\/up132139055-8.jpg", "is_club": false, "type": "user", "avatar_side_icon": "https://img9.doubanio.com\/view\/files\/raw\/file-1694763386.png", "uid": "132139055"}, "is_collected": false, "subtype": "photo", "type": "photo", "owner_uri": "douban:\/\/douban.com\/tv\/36093351", "status": null, "reaction_type": 0, "description": "", "sharing_url": "https:\/\/www.douban.com\/doubanapp\/dispatch?uri=\/photo\/2888996413\/", "url": "https:\/\/movie.douban.com\/photos\/photo\/2888996413\/", "reply_limit": "A", "uri": "douban:\/\/douban.com\/photo\/2888996413", "likers_count": 3, "reactions_count": 3, "comments_count": 1, "position": 1290}, {"read_count": 62, "image": {"normal": {"url": "https://img2.doubanio.com\/view\/photo\/m\/public\/p2900585461.webp", "width": 600, "height": 337, "size": 0}, "large": {"url": "https://img2.doubanio.com\/view\/photo\/l\/public\/p2900585461.webp", "width": 800, "height": 450, "size": 0}, "raw": null, "small": {"url": "https://img2.doubanio.com\/view\/photo\/s\/public\/p2900585461.webp", "width": 600, "height": 337, "size": 0}, "primary_color": "DFDFDF", "is_animated": false}, "create_time": "2023-11-11 23:29:41", "collections_count": 0, "reshares_count": 0, "id": "2900585461", "author": {"loc": {"id": "118161", "name": "\u5f90\u5dde", "uid": "xuzhou"}, "kind": "user", "name": "\u5bab\u552f\u660e", "reg_time": "2015-07-28 12:53:32", "url": "https:\/\/www.douban.com\/people\/132139055\/", "uri": "douban:\/\/douban.com\/user\/132139055", "id": "132139055", "avatar_side_icon_type": 3, "avatar_side_icon_id": "279", "avatar": "https://img1.doubanio.com\/icon\/up132139055-8.jpg", "is_club": false, "type": "user", "avatar_side_icon": "https://img9.doubanio.com\/view\/files\/raw\/file-1694763386.png", "uid": "132139055"}, "is_collected": false, "subtype": "photo", "type": "photo", "owner_uri": "douban:\/\/douban.com\/tv\/36093351", "status": null, "reaction_type": 0, "description": "", "sharing_url": "https:\/\/www.douban.com\/doubanapp\/dispatch?uri=\/photo\/2900585461\/", "url": "https:\/\/movie.douban.com\/photos\/photo\/2900585461\/", "reply_limit": "A", "uri": "douban:\/\/douban.com\/photo\/2900585461", "likers_count": 2, "reactions_count": 2, "comments_count": 0, "position": 290}, {"read_count": 74, "image": {"normal": {"url": "https://img3.doubanio.com\/view\/photo\/m\/public\/p2899448817.webp", "width": 600, "height": 337, "size": 0}, "large": {"url": "https://img3.doubanio.com\/view\/photo\/l\/public\/p2899448817.webp", "width": 1600, "height": 900, "size": 0}, "raw": null, "small": {"url": "https://img3.doubanio.com\/view\/photo\/s\/public\/p2899448817.webp", "width": 600, "height": 337, "size": 0}, "primary_color": "DFDFDF", "is_animated": false}, "create_time": "2023-10-16 15:01:18", "collections_count": 0, "reshares_count": 0, "id": "2899448817", "author": {"loc": {"id": "118161", "name": "\u5f90\u5dde", "uid": "xuzhou"}, "kind": "user", "name": "\u5bab\u552f\u660e", "reg_time": "2015-07-28 12:53:32", "url": "https:\/\/www.douban.com\/people\/132139055\/", "uri": "douban:\/\/douban.com\/user\/132139055", "id": "132139055", "avatar_side_icon_type": 3, "avatar_side_icon_id": "279", "avatar": "https://img1.doubanio.com\/icon\/up132139055-8.jpg", "is_club": false, "type": "user", "avatar_side_icon": "https://img9.doubanio.com\/view\/files\/raw\/file-1694763386.png", "uid": "132139055"}, "is_collected": false, "subtype": "photo", "type": "photo", "owner_uri": "douban:\/\/douban.com\/tv\/36093351", "status": null, "reaction_type": 0, "description": "", "sharing_url": "https:\/\/www.douban.com\/doubanapp\/dispatch?uri=\/photo\/2899448817\/", "url": "https:\/\/movie.douban.com\/photos\/photo\/2899448817\/", "reply_limit": "A", "uri": "douban:\/\/douban.com\/photo\/2899448817", "likers_count": 2, "reactions_count": 2, "comments_count": 0, "position": 832}, {"read_count": 151, "image": {"normal": {"url": "https://img9.doubanio.com\/view\/photo\/m\/public\/p2899448816.webp", "width": 600, "height": 337, "size": 0}, "large": {"url": "https://img9.doubanio.com\/view\/photo\/l\/public\/p2899448816.webp", "width": 1600, "height": 900, "size": 0}, "raw": null, "small": {"url": "https://img9.doubanio.com\/view\/photo\/s\/public\/p2899448816.webp", "width": 600, "height": 337, "size": 0}, "primary_color": "DFDFDF", "is_animated": false}, "create_time": "2023-10-16 15:01:18", "collections_count": 0, "reshares_count": 1, "id": "2899448816", "author": {"loc": {"id": "118161", "name": "\u5f90\u5dde", "uid": "xuzhou"}, "kind": "user", "name": "\u5bab\u552f\u660e", "reg_time": "2015-07-28 12:53:32", "url": "https:\/\/www.douban.com\/people\/132139055\/", "uri": "douban:\/\/douban.com\/user\/132139055", "id": "132139055", "avatar_side_icon_type": 3, "avatar_side_icon_id": "279", "avatar": "https://img1.doubanio.com\/icon\/up132139055-8.jpg", "is_club": false, "type": "user", "avatar_side_icon": "https://img9.doubanio.com\/view\/files\/raw\/file-1694763386.png", "uid": "132139055"}, "is_collected": false, "subtype": "photo", "type": "photo", "owner_uri": "douban:\/\/douban.com\/tv\/36093351", "status": null, "reaction_type": 0, "description": "", "sharing_url": "https:\/\/www.douban.com\/doubanapp\/dispatch?uri=\/photo\/2899448816\/", "url": "https:\/\/movie.douban.com\/photos\/photo\/2899448816\/", "reply_limit": "A", "uri": "douban:\/\/douban.com\/photo\/2899448816", "likers_count": 1, "reactions_count": 1, "comments_count": 1, "position": 2}, {"read_count": 35, "image": {"normal": {"url": "https://img9.doubanio.com\/view\/photo\/m\/public\/p2899448815.webp", "width": 600, "height": 337, "size": 0}, "large": {"url": "https://img9.doubanio.com\/view\/photo\/l\/public\/p2899448815.webp", "width": 1600, "height": 900, "size": 0}, "raw": null, "small": {"url": "https://img9.doubanio.com\/view\/photo\/s\/public\/p2899448815.webp", "width": 600, "height": 337, "size": 0}, "primary_color": "DFDFDF", "is_animated": false}, "create_time": "2023-10-16 15:01:18", "collections_count": 0, "reshares_count": 0, "id": "2899448815", "author": {"loc": {"id": "118161", "name": "\u5f90\u5dde", "uid": "xuzhou"}, "kind": "user", "name": "\u5bab\u552f\u660e", "reg_time": "2015-07-28 12:53:32", "url": "https:\/\/www.douban.com\/people\/132139055\/", "uri": "douban:\/\/douban.com\/user\/132139055", "id": "132139055", "avatar_side_icon_type": 3, "avatar_side_icon_id": "279", "avatar": "https://img1.doubanio.com\/icon\/up132139055-8.jpg", "is_club": false, "type": "user", "avatar_side_icon": "https://img9.doubanio.com\/view\/files\/raw\/file-1694763386.png", "uid": "132139055"}, "is_collected": false, "subtype": "photo", "type": "photo", "owner_uri": "douban:\/\/douban.com\/tv\/36093351", "status": null, "reaction_type": 0, "description": "", "sharing_url": "https:\/\/www.douban.com\/doubanapp\/dispatch?uri=\/photo\/2899448815\/", "url": "https:\/\/movie.douban.com\/photos\/photo\/2899448815\/", "reply_limit": "A", "uri": "douban:\/\/douban.com\/photo\/2899448815", "likers_count": 2, "reactions_count": 2, "comments_count": 0, "position": 833}, {"read_count": 114, "image": {"normal": {"url": "https://img1.doubanio.com\/view\/photo\/m\/public\/p2899248988.webp", "width": 600, "height": 337, "size": 0}, "large": {"url": "https://img1.doubanio.com\/view\/photo\/l\/public\/p2899248988.webp", "width": 1600, "height": 900, "size": 0}, "raw": null, "small": {"url": "https://img1.doubanio.com\/view\/photo\/s\/public\/p2899248988.webp", "width": 600, "height": 337, "size": 0}, "primary_color": "DFDFDF", "is_animated": false}, "create_time": "2023-10-11 22:40:50", "collections_count": 0, "reshares_count": 0, "id": "2899248988", "author": {"loc": {"id": "118161", "name": "\u5f90\u5dde", "uid": "xuzhou"}, "kind": "user", "name": "\u5bab\u552f\u660e", "reg_time": "2015-07-28 12:53:32", "url": "https:\/\/www.douban.com\/people\/132139055\/", "uri": "douban:\/\/douban.com\/user\/132139055", "id": "132139055", "avatar_side_icon_type": 3, "avatar_side_icon_id": "279", "avatar": "https://img1.doubanio.com\/icon\/up132139055-8.jpg", "is_club": false, "type": "user", "avatar_side_icon": "https://img9.doubanio.com\/view\/files\/raw\/file-1694763386.png", "uid": "132139055"}, "is_collected": false, "subtype": "photo", "type": "photo", "owner_uri": "douban:\/\/douban.com\/tv\/36093351", "status": null, "reaction_type": 0, "description": "", "sharing_url": "https:\/\/www.douban.com\/doubanapp\/dispatch?uri=\/photo\/2899248988\/", "url": "https:\/\/movie.douban.com\/photos\/photo\/2899248988\/", "reply_limit": "A", "uri": "douban:\/\/douban.com\/photo\/2899248988", "likers_count": 2, "reactions_count": 2, "comments_count": 0, "position": 897}, {"read_count": 150, "image": {"normal": {"url": "https://img3.doubanio.com\/view\/photo\/m\/public\/p2888996417.webp", "width": 600, "height": 337, "size": 0}, "large": {"url": "https://img3.doubanio.com\/view\/photo\/l\/public\/p2888996417.webp", "width": 1280, "height": 720, "size": 0}, "raw": null, "small": {"url": "https://img3.doubanio.com\/view\/photo\/s\/public\/p2888996417.webp", "width": 600, "height": 337, "size": 0}, "primary_color": "DFDFDF", "is_animated": false}, "create_time": "2023-03-08 23:00:41", "collections_count": 0, "reshares_count": 0, "id": "2888996417", "author": {"loc": {"id": "118161", "name": "\u5f90\u5dde", "uid": "xuzhou"}, "kind": "user", "name": "\u5bab\u552f\u660e", "reg_time": "2015-07-28 12:53:32", "url": "https:\/\/www.douban.com\/people\/132139055\/", "uri": "douban:\/\/douban.com\/user\/132139055", "id": "132139055", "avatar_side_icon_type": 3, "avatar_side_icon_id": "279", "avatar": "https://img1.doubanio.com\/icon\/up132139055-8.jpg", "is_club": false, "type": "user", "avatar_side_icon": "https://img9.doubanio.com\/view\/files\/raw\/file-1694763386.png", "uid": "132139055"}, "is_collected": false, "subtype": "photo", "type": "photo", "owner_uri": "douban:\/\/douban.com\/tv\/36093351", "status": null, "reaction_type": 0, "description": "", "sharing_url": "https:\/\/www.douban.com\/doubanapp\/dispatch?uri=\/photo\/2888996417\/", "url": "https:\/\/movie.douban.com\/photos\/photo\/2888996417\/", "reply_limit": "A", "uri": "douban:\/\/douban.com\/photo\/2888996417", "likers_count": 2, "reactions_count": 2, "comments_count": 0, "position": 1286}, {"read_count": 56, "image": {"normal": {"url": "https://img3.doubanio.com\/view\/photo\/m\/public\/p2901131133.webp", "width": 600, "height": 337, "size": 0}, "large": {"url": "https://img3.doubanio.com\/view\/photo\/l\/public\/p2901131133.webp", "width": 1600, "height": 900, "size": 0}, "raw": null, "small": {"url": "https://img3.doubanio.com\/view\/photo\/s\/public\/p2901131133.webp", "width": 600, "height": 337, "size": 0}, "primary_color": "DFDFDF", "is_animated": false}, "create_time": "2023-11-24 22:54:25", "collections_count": 0, "reshares_count": 0, "id": "2901131133", "author": {"loc": null, "kind": "user", "name": "Kai Salvo", "reg_time": "2017-01-20 19:34:47", "url": "https:\/\/www.douban.com\/people\/156663219\/", "uri": "douban:\/\/douban.com\/user\/156663219", "avatar": "https://img1.doubanio.com\/icon\/up156663219-10.jpg", "is_club": false, "type": "user", "id": "156663219", "uid": "156663219"}, "is_collected": false, "subtype": "photo", "type": "photo", "owner_uri": "douban:\/\/douban.com\/tv\/36093351", "status": null, "reaction_type": 0, "description": "", "sharing_url": "https:\/\/www.douban.com\/doubanapp\/dispatch?uri=\/photo\/2901131133\/", "url": "https:\/\/movie.douban.com\/photos\/photo\/2901131133\/", "reply_limit": "A", "uri": "douban:\/\/douban.com\/photo\/2901131133", "likers_count": 1, "reactions_count": 1, "comments_count": 0, "position": 129}, {"read_count": 63, "image": {"normal": {"url": "https://img3.doubanio.com\/view\/photo\/m\/public\/p2901044652.webp", "width": 600, "height": 337, "size": 0}, "large": {"url": "https://img3.doubanio.com\/view\/photo\/l\/public\/p2901044652.webp", "width": 800, "height": 450, "size": 0}, "raw": null, "small": {"url": "https://img3.doubanio.com\/view\/photo\/s\/public\/p2901044652.webp", "width": 600, "height": 337, "size": 0}, "primary_color": "DFDFDF", "is_animated": false}, "create_time": "2023-11-22 23:28:21", "collections_count": 0, "reshares_count": 0, "id": "2901044652", "author": {"loc": {"id": "118161", "name": "\u5f90\u5dde", "uid": "xuzhou"}, "kind": "user", "name": "\u5bab\u552f\u660e", "reg_time": "2015-07-28 12:53:32", "url": "https:\/\/www.douban.com\/people\/132139055\/", "uri": "douban:\/\/douban.com\/user\/132139055", "id": "132139055", "avatar_side_icon_type": 3, "avatar_side_icon_id": "279", "avatar": "https://img1.doubanio.com\/icon\/up132139055-8.jpg", "is_club": false, "type": "user", "avatar_side_icon": "https://img9.doubanio.com\/view\/files\/raw\/file-1694763386.png", "uid": "132139055"}, "is_collected": false, "subtype": "photo", "type": "photo", "owner_uri": "douban:\/\/douban.com\/tv\/36093351", "status": null, "reaction_type": 0, "description": "", "sharing_url": "https:\/\/www.douban.com\/doubanapp\/dispatch?uri=\/photo\/2901044652\/", "url": "https:\/\/movie.douban.com\/photos\/photo\/2901044652\/", "reply_limit": "A", "uri": "douban:\/\/douban.com\/photo\/2901044652", "likers_count": 1, "reactions_count": 1, "comments_count": 0, "position": 132}, {"read_count": 41, "image": {"normal": {"url": "https://img3.doubanio.com\/view\/photo\/m\/public\/p2900284477.webp", "width": 600, "height": 337, "size": 0}, "large": {"url": "https://img3.doubanio.com\/view\/photo\/l\/public\/p2900284477.webp", "width": 1600, "height": 900, "size": 0}, "raw": null, "small": {"url": "https://img3.doubanio.com\/view\/photo\/s\/public\/p2900284477.webp", "width": 600, "height": 337, "size": 0}, "primary_color": "DFDFDF", "is_animated": false}, "create_time": "2023-11-04 23:32:18", "collections_count": 0, "reshares_count": 0, "id": "2900284477", "author": {"loc": {"id": "118161", "name": "\u5f90\u5dde", "uid": "xuzhou"}, "kind": "user", "name": "\u5bab\u552f\u660e", "reg_time": "2015-07-28 12:53:32", "url": "https:\/\/www.douban.com\/people\/132139055\/", "uri": "douban:\/\/douban.com\/user\/132139055", "id": "132139055", "avatar_side_icon_type": 3, "avatar_side_icon_id": "279", "avatar": "https://img1.doubanio.com\/icon\/up132139055-8.jpg", "is_club": false, "type": "user", "avatar_side_icon": "https://img9.doubanio.com\/view\/files\/raw\/file-1694763386.png", "uid": "132139055"}, "is_collected": false, "subtype": "photo", "type": "photo", "owner_uri": "douban:\/\/douban.com\/tv\/36093351", "status": null, "reaction_type": 0, "description": "", "sharing_url": "https:\/\/www.douban.com\/doubanapp\/dispatch?uri=\/photo\/2900284477\/", "url": "https:\/\/movie.douban.com\/photos\/photo\/2900284477\/", "reply_limit": "A", "uri": "douban:\/\/douban.com\/photo\/2900284477", "likers_count": 1, "reactions_count": 1, "comments_count": 0, "position": 397}, {"read_count": 149, "image": {"normal": {"url": "https://img3.doubanio.com\/view\/photo\/m\/public\/p2900284453.webp", "width": 600, "height": 337, "size": 0}, "large": {"url": "https://img3.doubanio.com\/view\/photo\/l\/public\/p2900284453.webp", "width": 1600, "height": 900, "size": 0}, "raw": null, "small": {"url": "https://img3.doubanio.com\/view\/photo\/s\/public\/p2900284453.webp", "width": 600, "height": 337, "size": 0}, "primary_color": "DFDFDF", "is_animated": false}, "create_time": "2023-11-04 23:31:56", "collections_count": 0, "reshares_count": 0, "id": "2900284453", "author": {"loc": {"id": "118161", "name": "\u5f90\u5dde", "uid": "xuzhou"}, "kind": "user", "name": "\u5bab\u552f\u660e", "reg_time": "2015-07-28 12:53:32", "url": "https:\/\/www.douban.com\/people\/132139055\/", "uri": "douban:\/\/douban.com\/user\/132139055", "id": "132139055", "avatar_side_icon_type": 3, "avatar_side_icon_id": "279", "avatar": "https://img1.doubanio.com\/icon\/up132139055-8.jpg", "is_club": false, "type": "user", "avatar_side_icon": "https://img9.doubanio.com\/view\/files\/raw\/file-1694763386.png", "uid": "132139055"}, "is_collected": false, "subtype": "photo", "type": "photo", "owner_uri": "douban:\/\/douban.com\/tv\/36093351", "status": null, "reaction_type": 0, "description": "", "sharing_url": "https:\/\/www.douban.com\/doubanapp\/dispatch?uri=\/photo\/2900284453\/", "url": "https:\/\/movie.douban.com\/photos\/photo\/2900284453\/", "reply_limit": "A", "uri": "douban:\/\/douban.com\/photo\/2900284453", "likers_count": 1, "reactions_count": 1, "comments_count": 0, "position": 400}, {"read_count": 38, "image": {"normal": {"url": "https://img9.doubanio.com\/view\/photo\/m\/public\/p2899912314.webp", "width": 600, "height": 337, "size": 0}, "large": {"url": "https://img9.doubanio.com\/view\/photo\/l\/public\/p2899912314.webp", "width": 1300, "height": 731, "size": 0}, "raw": null, "small": {"url": "https://img9.doubanio.com\/view\/photo\/s\/public\/p2899912314.webp", "width": 600, "height": 337, "size": 0}, "primary_color": "DFDFDF", "is_animated": false}, "create_time": "2023-10-26 23:48:27", "collections_count": 0, "reshares_count": 0, "id": "2899912314", "author": {"loc": {"id": "118161", "name": "\u5f90\u5dde", "uid": "xuzhou"}, "kind": "user", "name": "\u5bab\u552f\u660e", "reg_time": "2015-07-28 12:53:32", "url": "https:\/\/www.douban.com\/people\/132139055\/", "uri": "douban:\/\/douban.com\/user\/132139055", "id": "132139055", "avatar_side_icon_type": 3, "avatar_side_icon_id": "279", "avatar": "https://img1.doubanio.com\/icon\/up132139055-8.jpg", "is_club": false, "type": "user", "avatar_side_icon": "https://img9.doubanio.com\/view\/files\/raw\/file-1694763386.png", "uid": "132139055"}, "is_collected": false, "subtype": "photo", "type": "photo", "owner_uri": "douban:\/\/douban.com\/tv\/36093351", "status": null, "reaction_type": 0, "description": "", "sharing_url": "https:\/\/www.douban.com\/doubanapp\/dispatch?uri=\/photo\/2899912314\/", "url": "https:\/\/movie.douban.com\/photos\/photo\/2899912314\/", "reply_limit": "A", "uri": "douban:\/\/douban.com\/photo\/2899912314", "likers_count": 1, "reactions_count": 1, "comments_count": 0, "position": 564}, {"read_count": 78, "image": {"normal": {"url": "https://img3.doubanio.com\/view\/photo\/m\/public\/p2899519883.webp", "width": 600, "height": 337, "size": 0}, "large": {"url": "https://img3.doubanio.com\/view\/photo\/l\/public\/p2899519883.webp", "width": 1600, "height": 900, "size": 0}, "raw": null, "small": {"url": "https://img3.doubanio.com\/view\/photo\/s\/public\/p2899519883.webp", "width": 600, "height": 337, "size": 0}, "primary_color": "DFDFDF", "is_animated": false}, "create_time": "2023-10-17 23:33:44", "collections_count": 0, "reshares_count": 0, "id": "2899519883", "author": {"loc": {"id": "118161", "name": "\u5f90\u5dde", "uid": "xuzhou"}, "kind": "user", "name": "\u5bab\u552f\u660e", "reg_time": "2015-07-28 12:53:32", "url": "https:\/\/www.douban.com\/people\/132139055\/", "uri": "douban:\/\/douban.com\/user\/132139055", "id": "132139055", "avatar_side_icon_type": 3, "avatar_side_icon_id": "279", "avatar": "https://img1.doubanio.com\/icon\/up132139055-8.jpg", "is_club": false, "type": "user", "avatar_side_icon": "https://img9.doubanio.com\/view\/files\/raw\/file-1694763386.png", "uid": "132139055"}, "is_collected": false, "subtype": "photo", "type": "photo", "owner_uri": "douban:\/\/douban.com\/tv\/36093351", "status": null, "reaction_type": 0, "description": "", "sharing_url": "https:\/\/www.douban.com\/doubanapp\/dispatch?uri=\/photo\/2899519883\/", "url": "https:\/\/movie.douban.com\/photos\/photo\/2899519883\/", "reply_limit": "A", "uri": "douban:\/\/douban.com\/photo\/2899519883", "likers_count": 1, "reactions_count": 1, "comments_count": 0, "position": 828}, {"read_count": 108, "image": {"normal": {"url": "https://img1.doubanio.com\/view\/photo\/m\/public\/p2899448820.webp", "width": 600, "height": 337, "size": 0}, "large": {"url": "https://img1.doubanio.com\/view\/photo\/l\/public\/p2899448820.webp", "width": 1600, "height": 900, "size": 0}, "raw": null, "small": {"url": "https://img1.doubanio.com\/view\/photo\/s\/public\/p2899448820.webp", "width": 600, "height": 337, "size": 0}, "primary_color": "DFDFDF", "is_animated": false}, "create_time": "2023-10-16 15:01:18", "collections_count": 0, "reshares_count": 0, "id": "2899448820", "author": {"loc": {"id": "118161", "name": "\u5f90\u5dde", "uid": "xuzhou"}, "kind": "user", "name": "\u5bab\u552f\u660e", "reg_time": "2015-07-28 12:53:32", "url": "https:\/\/www.douban.com\/people\/132139055\/", "uri": "douban:\/\/douban.com\/user\/132139055", "id": "132139055", "avatar_side_icon_type": 3, "avatar_side_icon_id": "279", "avatar": "https://img1.doubanio.com\/icon\/up132139055-8.jpg", "is_club": false, "type": "user", "avatar_side_icon": "https://img9.doubanio.com\/view\/files\/raw\/file-1694763386.png", "uid": "132139055"}, "is_collected": false, "subtype": "photo", "type": "photo", "owner_uri": "douban:\/\/douban.com\/tv\/36093351", "status": null, "reaction_type": 0, "description": "", "sharing_url": "https:\/\/www.douban.com\/doubanapp\/dispatch?uri=\/photo\/2899448820\/", "url": "https:\/\/movie.douban.com\/photos\/photo\/2899448820\/", "reply_limit": "A", "uri": "douban:\/\/douban.com\/photo\/2899448820", "likers_count": 1, "reactions_count": 1, "comments_count": 0, "position": 830}, {"read_count": 57, "image": {"normal": {"url": "https://img1.doubanio.com\/view\/photo\/m\/public\/p2899448819.webp", "width": 600, "height": 337, "size": 0}, "large": {"url": "https://img1.doubanio.com\/view\/photo\/l\/public\/p2899448819.webp", "width": 1600, "height": 900, "size": 0}, "raw": null, "small": {"url": "https://img1.doubanio.com\/view\/photo\/s\/public\/p2899448819.webp", "width": 600, "height": 337, "size": 0}, "primary_color": "DFDFDF", "is_animated": false}, "create_time": "2023-10-16 15:01:18", "collections_count": 0, "reshares_count": 0, "id": "2899448819", "author": {"loc": {"id": "118161", "name": "\u5f90\u5dde", "uid": "xuzhou"}, "kind": "user", "name": "\u5bab\u552f\u660e", "reg_time": "2015-07-28 12:53:32", "url": "https:\/\/www.douban.com\/people\/132139055\/", "uri": "douban:\/\/douban.com\/user\/132139055", "id": "132139055", "avatar_side_icon_type": 3, "avatar_side_icon_id": "279", "avatar": "https://img1.doubanio.com\/icon\/up132139055-8.jpg", "is_club": false, "type": "user", "avatar_side_icon": "https://img9.doubanio.com\/view\/files\/raw\/file-1694763386.png", "uid": "132139055"}, "is_collected": false, "subtype": "photo", "type": "photo", "owner_uri": "douban:\/\/douban.com\/tv\/36093351", "status": null, "reaction_type": 0, "description": "", "sharing_url": "https:\/\/www.douban.com\/doubanapp\/dispatch?uri=\/photo\/2899448819\/", "url": "https:\/\/movie.douban.com\/photos\/photo\/2899448819\/", "reply_limit": "A", "uri": "douban:\/\/douban.com\/photo\/2899448819", "likers_count": 1, "reactions_count": 1, "comments_count": 0, "position": 831}, {"read_count": 44, "image": {"normal": {"url": "https://img9.doubanio.com\/view\/photo\/m\/public\/p2899448814.webp", "width": 600, "height": 337, "size": 0}, "large": {"url": "https://img9.doubanio.com\/view\/photo\/l\/public\/p2899448814.webp", "width": 1600, "height": 900, "size": 0}, "raw": null, "small": {"url": "https://img9.doubanio.com\/view\/photo\/s\/public\/p2899448814.webp", "width": 600, "height": 337, "size": 0}, "primary_color": "DFDFDF", "is_animated": false}, "create_time": "2023-10-16 15:01:18", "collections_count": 0, "reshares_count": 0, "id": "2899448814", "author": {"loc": {"id": "118161", "name": "\u5f90\u5dde", "uid": "xuzhou"}, "kind": "user", "name": "\u5bab\u552f\u660e", "reg_time": "2015-07-28 12:53:32", "url": "https:\/\/www.douban.com\/people\/132139055\/", "uri": "douban:\/\/douban.com\/user\/132139055", "id": "132139055", "avatar_side_icon_type": 3, "avatar_side_icon_id": "279", "avatar": "https://img1.doubanio.com\/icon\/up132139055-8.jpg", "is_club": false, "type": "user", "avatar_side_icon": "https://img9.doubanio.com\/view\/files\/raw\/file-1694763386.png", "uid": "132139055"}, "is_collected": false, "subtype": "photo", "type": "photo", "owner_uri": "douban:\/\/douban.com\/tv\/36093351", "status": null, "reaction_type": 0, "description": "", "sharing_url": "https:\/\/www.douban.com\/doubanapp\/dispatch?uri=\/photo\/2899448814\/", "url": "https:\/\/movie.douban.com\/photos\/photo\/2899448814\/", "reply_limit": "A", "uri": "douban:\/\/douban.com\/photo\/2899448814", "likers_count": 1, "reactions_count": 1, "comments_count": 0, "position": 834}, {"read_count": 54, "image": {"normal": {"url": "https://img2.doubanio.com\/view\/photo\/m\/public\/p2899448811.webp", "width": 600, "height": 337, "size": 0}, "large": {"url": "https://img2.doubanio.com\/view\/photo\/l\/public\/p2899448811.webp", "width": 1600, "height": 900, "size": 0}, "raw": null, "small": {"url": "https://img2.doubanio.com\/view\/photo\/s\/public\/p2899448811.webp", "width": 600, "height": 337, "size": 0}, "primary_color": "DFDFDF", "is_animated": false}, "create_time": "2023-10-16 15:01:18", "collections_count": 0, "reshares_count": 0, "id": "2899448811", "author": {"loc": {"id": "118161", "name": "\u5f90\u5dde", "uid": "xuzhou"}, "kind": "user", "name": "\u5bab\u552f\u660e", "reg_time": "2015-07-28 12:53:32", "url": "https:\/\/www.douban.com\/people\/132139055\/", "uri": "douban:\/\/douban.com\/user\/132139055", "id": "132139055", "avatar_side_icon_type": 3, "avatar_side_icon_id": "279", "avatar": "https://img1.doubanio.com\/icon\/up132139055-8.jpg", "is_club": false, "type": "user", "avatar_side_icon": "https://img9.doubanio.com\/view\/files\/raw\/file-1694763386.png", "uid": "132139055"}, "is_collected": false, "subtype": "photo", "type": "photo", "owner_uri": "douban:\/\/douban.com\/tv\/36093351", "status": null, "reaction_type": 0, "description": "", "sharing_url": "https:\/\/www.douban.com\/doubanapp\/dispatch?uri=\/photo\/2899448811\/", "url": "https:\/\/movie.douban.com\/photos\/photo\/2899448811\/", "reply_limit": "A", "uri": "douban:\/\/douban.com\/photo\/2899448811", "likers_count": 1, "reactions_count": 1, "comments_count": 0, "position": 837}, {"read_count": 85, "image": {"normal": {"url": "https://img3.doubanio.com\/view\/photo\/m\/public\/p2898972627.webp", "width": 600, "height": 337, "size": 0}, "large": {"url": "https://img3.doubanio.com\/view\/photo\/l\/public\/p2898972627.webp", "width": 800, "height": 450, "size": 0}, "raw": null, "small": {"url": "https://img3.doubanio.com\/view\/photo\/s\/public\/p2898972627.webp", "width": 600, "height": 337, "size": 0}, "primary_color": "DFDFDF", "is_animated": false}, "create_time": "2023-10-05 22:39:04", "collections_count": 0, "reshares_count": 0, "id": "2898972627", "author": {"loc": {"id": "118161", "name": "\u5f90\u5dde", "uid": "xuzhou"}, "kind": "user", "name": "\u5bab\u552f\u660e", "reg_time": "2015-07-28 12:53:32", "url": "https:\/\/www.douban.com\/people\/132139055\/", "uri": "douban:\/\/douban.com\/user\/132139055", "id": "132139055", "avatar_side_icon_type": 3, "avatar_side_icon_id": "279", "avatar": "https://img1.doubanio.com\/icon\/up132139055-8.jpg", "is_club": false, "type": "user", "avatar_side_icon": "https://img9.doubanio.com\/view\/files\/raw\/file-1694763386.png", "uid": "132139055"}, "is_collected": false, "subtype": "photo", "type": "photo", "owner_uri": "douban:\/\/douban.com\/tv\/36093351", "status": null, "reaction_type": 0, "description": "", "sharing_url": "https:\/\/www.douban.com\/doubanapp\/dispatch?uri=\/photo\/2898972627\/", "url": "https:\/\/movie.douban.com\/photos\/photo\/2898972627\/", "reply_limit": "A", "uri": "douban:\/\/douban.com\/photo\/2898972627", "likers_count": 1, "reactions_count": 1, "comments_count": 0, "position": 1049}, {"read_count": 345, "image": {"normal": {"url": "https://img3.doubanio.com\/view\/photo\/m\/public\/p2898777663.webp", "width": 600, "height": 337, "size": 0}, "large": {"url": "https://img3.doubanio.com\/view\/photo\/l\/public\/p2898777663.webp", "width": 1600, "height": 900, "size": 0}, "raw": null, "small": {"url": "https://img3.doubanio.com\/view\/photo\/s\/public\/p2898777663.webp", "width": 600, "height": 337, "size": 0}, "primary_color": "DFDFDF", "is_animated": false}, "create_time": "2023-10-01 17:09:33", "collections_count": 0, "reshares_count": 0, "id": "2898777663", "author": {"loc": null, "kind": "user", "name": "\u5065\u8eab\u7684\u8fc7\u5ba2", "reg_time": "2019-07-31 15:29:41", "url": "https:\/\/www.douban.com\/people\/200823207\/", "uri": "douban:\/\/douban.com\/user\/200823207", "avatar": "https://img2.doubanio.com\/icon\/up200823207-1.jpg", "is_club": false, "type": "user", "id": "200823207", "uid": "200823207"}, "is_collected": false, "subtype": "photo", "type": "photo", "owner_uri": "douban:\/\/douban.com\/tv\/36093351", "status": null, "reaction_type": 0, "description": "", "sharing_url": "https:\/\/www.douban.com\/doubanapp\/dispatch?uri=\/photo\/2898777663\/", "url": "https:\/\/movie.douban.com\/photos\/photo\/2898777663\/", "reply_limit": "A", "uri": "douban:\/\/douban.com\/photo\/2898777663", "likers_count": 1, "reactions_count": 1, "comments_count": 0, "position": 1215}, {"read_count": 190, "image": {"normal": {"url": "https://img1.doubanio.com\/view\/photo\/m\/public\/p2888996418.webp", "width": 600, "height": 337, "size": 0}, "large": {"url": "https://img1.doubanio.com\/view\/photo\/l\/public\/p2888996418.webp", "width": 1280, "height": 720, "size": 0}, "raw": null, "small": {"url": "https://img1.doubanio.com\/view\/photo\/s\/public\/p2888996418.webp", "width": 600, "height": 337, "size": 0}, "primary_color": "DFDFDF", "is_animated": false}, "create_time": "2023-03-08 23:00:41", "collections_count": 0, "reshares_count": 0, "id": "2888996418", "author": {"loc": {"id": "118161", "name": "\u5f90\u5dde", "uid": "xuzhou"}, "kind": "user", "name": "\u5bab\u552f\u660e", "reg_time": "2015-07-28 12:53:32", "url": "https:\/\/www.douban.com\/people\/132139055\/", "uri": "douban:\/\/douban.com\/user\/132139055", "id": "132139055", "avatar_side_icon_type": 3, "avatar_side_icon_id": "279", "avatar": "https://img1.doubanio.com\/icon\/up132139055-8.jpg", "is_club": false, "type": "user", "avatar_side_icon": "https://img9.doubanio.com\/view\/files\/raw\/file-1694763386.png", "uid": "132139055"}, "is_collected": false, "subtype": "photo", "type": "photo", "owner_uri": "douban:\/\/douban.com\/tv\/36093351", "status": null, "reaction_type": 0, "description": "", "sharing_url": "https:\/\/www.douban.com\/doubanapp\/dispatch?uri=\/photo\/2888996418\/", "url": "https:\/\/movie.douban.com\/photos\/photo\/2888996418\/", "reply_limit": "A", "uri": "douban:\/\/douban.com\/photo\/2888996418", "likers_count": 1, "reactions_count": 1, "comments_count": 0, "position": 1285}, {"read_count": 7, "image": {"normal": {"url": "https://img1.doubanio.com\/view\/photo\/m\/public\/p2901729850.webp", "width": 600, "height": 337, "size": 0}, "large": {"url": "https://img1.doubanio.com\/view\/photo\/l\/public\/p2901729850.webp", "width": 1600, "height": 900, "size": 0}, "raw": null, "small": {"url": "https://img1.doubanio.com\/view\/photo\/s\/public\/p2901729850.webp", "width": 600, "height": 337, "size": 0}, "primary_color": "DFDFDF", "is_animated": false}, "create_time": "2023-12-09 00:45:39", "collections_count": 0, "reshares_count": 0, "id": "2901729850", "author": {"loc": {"id": "118161", "name": "\u5f90\u5dde", "uid": "xuzhou"}, "kind": "user", "name": "\u5bab\u552f\u660e", "reg_time": "2015-07-28 12:53:32", "url": "https:\/\/www.douban.com\/people\/132139055\/", "uri": "douban:\/\/douban.com\/user\/132139055", "id": "132139055", "avatar_side_icon_type": 3, "avatar_side_icon_id": "279", "avatar": "https://img1.doubanio.com\/icon\/up132139055-8.jpg", "is_club": false, "type": "user", "avatar_side_icon": "https://img9.doubanio.com\/view\/files\/raw\/file-1694763386.png", "uid": "132139055"}, "is_collected": false, "subtype": "photo", "type": "photo", "owner_uri": "douban:\/\/douban.com\/tv\/36093351", "status": null, "reaction_type": 0, "description": "", "sharing_url": "https:\/\/www.douban.com\/doubanapp\/dispatch?uri=\/photo\/2901729850\/", "url": "https:\/\/movie.douban.com\/photos\/photo\/2901729850\/", "reply_limit": "A", "uri": "douban:\/\/douban.com\/photo\/2901729850", "likers_count": 0, "reactions_count": 0, "comments_count": 0, "position": 6}, {"read_count": 9, "image": {"normal": {"url": "https://img1.doubanio.com\/view\/photo\/m\/public\/p2901729849.webp", "width": 600, "height": 338, "size": 0}, "large": {"url": "https://img1.doubanio.com\/view\/photo\/l\/public\/p2901729849.webp", "width": 1600, "height": 901, "size": 0}, "raw": null, "small": {"url": "https://img1.doubanio.com\/view\/photo\/s\/public\/p2901729849.webp", "width": 600, "height": 338, "size": 0}, "primary_color": "DFDFDF", "is_animated": false}, "create_time": "2023-12-09 00:45:38", "collections_count": 0, "reshares_count": 0, "id": "2901729849", "author": {"loc": {"id": "118161", "name": "\u5f90\u5dde", "uid": "xuzhou"}, "kind": "user", "name": "\u5bab\u552f\u660e", "reg_time": "2015-07-28 12:53:32", "url": "https:\/\/www.douban.com\/people\/132139055\/", "uri": "douban:\/\/douban.com\/user\/132139055", "id": "132139055", "avatar_side_icon_type": 3, "avatar_side_icon_id": "279", "avatar": "https://img1.doubanio.com\/icon\/up132139055-8.jpg", "is_club": false, "type": "user", "avatar_side_icon": "https://img9.doubanio.com\/view\/files\/raw\/file-1694763386.png", "uid": "132139055"}, "is_collected": false, "subtype": "photo", "type": "photo", "owner_uri": "douban:\/\/douban.com\/tv\/36093351", "status": null, "reaction_type": 0, "description": "", "sharing_url": "https:\/\/www.douban.com\/doubanapp\/dispatch?uri=\/photo\/2901729849\/", "url": "https:\/\/movie.douban.com\/photos\/photo\/2901729849\/", "reply_limit": "A", "uri": "douban:\/\/douban.com\/photo\/2901729849", "likers_count": 0, "reactions_count": 0, "comments_count": 0, "position": 7}, {"read_count": 18, "image": {"normal": {"url": "https://img3.doubanio.com\/view\/photo\/m\/public\/p2901385897.webp", "width": 600, "height": 337, "size": 0}, "large": {"url": "https://img3.doubanio.com\/view\/photo\/l\/public\/p2901385897.webp", "width": 1600, "height": 900, "size": 0}, "raw": null, "small": {"url": "https://img3.doubanio.com\/view\/photo\/s\/public\/p2901385897.webp", "width": 600, "height": 337, "size": 0}, "primary_color": "DFDFDF", "is_animated": false}, "create_time": "2023-11-30 23:00:17", "collections_count": 0, "reshares_count": 0, "id": "2901385897", "author": {"loc": {"id": "118161", "name": "\u5f90\u5dde", "uid": "xuzhou"}, "kind": "user", "name": "\u5bab\u552f\u660e", "reg_time": "2015-07-28 12:53:32", "url": "https:\/\/www.douban.com\/people\/132139055\/", "uri": "douban:\/\/douban.com\/user\/132139055", "id": "132139055", "avatar_side_icon_type": 3, "avatar_side_icon_id": "279", "avatar": "https://img1.doubanio.com\/icon\/up132139055-8.jpg", "is_club": false, "type": "user", "avatar_side_icon": "https://img9.doubanio.com\/view\/files\/raw\/file-1694763386.png", "uid": "132139055"}, "is_collected": false, "subtype": "photo", "type": "photo", "owner_uri": "douban:\/\/douban.com\/tv\/36093351", "status": null, "reaction_type": 0, "description": "", "sharing_url": "https:\/\/www.douban.com\/doubanapp\/dispatch?uri=\/photo\/2901385897\/", "url": "https:\/\/movie.douban.com\/photos\/photo\/2901385897\/", "reply_limit": "A", "uri": "douban:\/\/douban.com\/photo\/2901385897", "likers_count": 0, "reactions_count": 0, "comments_count": 0, "position": 54}, {"read_count": 34, "image": {"normal": {"url": "https://img9.doubanio.com\/view\/photo\/m\/public\/p2901385896.webp", "width": 600, "height": 337, "size": 0}, "large": {"url": "https://img9.doubanio.com\/view\/photo\/l\/public\/p2901385896.webp", "width": 800, "height": 450, "size": 0}, "raw": null, "small": {"url": "https://img9.doubanio.com\/view\/photo\/s\/public\/p2901385896.webp", "width": 600, "height": 337, "size": 0}, "primary_color": "DFDFDF", "is_animated": false}, "create_time": "2023-11-30 23:00:17", "collections_count": 0, "reshares_count": 0, "id": "2901385896", "author": {"loc": {"id": "118161", "name": "\u5f90\u5dde", "uid": "xuzhou"}, "kind": "user", "name": "\u5bab\u552f\u660e", "reg_time": "2015-07-28 12:53:32", "url": "https:\/\/www.douban.com\/people\/132139055\/", "uri": "douban:\/\/douban.com\/user\/132139055", "id": "132139055", "avatar_side_icon_type": 3, "avatar_side_icon_id": "279", "avatar": "https://img1.doubanio.com\/icon\/up132139055-8.jpg", "is_club": false, "type": "user", "avatar_side_icon": "https://img9.doubanio.com\/view\/files\/raw\/file-1694763386.png", "uid": "132139055"}, "is_collected": false, "subtype": "photo", "type": "photo", "owner_uri": "douban:\/\/douban.com\/tv\/36093351", "status": null, "reaction_type": 0, "description": "", "sharing_url": "https:\/\/www.douban.com\/doubanapp\/dispatch?uri=\/photo\/2901385896\/", "url": "https:\/\/movie.douban.com\/photos\/photo\/2901385896\/", "reply_limit": "A", "uri": "douban:\/\/douban.com\/photo\/2901385896", "likers_count": 0, "reactions_count": 0, "comments_count": 0, "position": 55}, {"read_count": 32, "image": {"normal": {"url": "https://img9.doubanio.com\/view\/photo\/m\/public\/p2901385895.webp", "width": 600, "height": 337, "size": 0}, "large": {"url": "https://img9.doubanio.com\/view\/photo\/l\/public\/p2901385895.webp", "width": 800, "height": 450, "size": 0}, "raw": null, "small": {"url": "https://img9.doubanio.com\/view\/photo\/s\/public\/p2901385895.webp", "width": 600, "height": 337, "size": 0}, "primary_color": "DFDFDF", "is_animated": false}, "create_time": "2023-11-30 23:00:17", "collections_count": 0, "reshares_count": 0, "id": "2901385895", "author": {"loc": {"id": "118161", "name": "\u5f90\u5dde", "uid": "xuzhou"}, "kind": "user", "name": "\u5bab\u552f\u660e", "reg_time": "2015-07-28 12:53:32", "url": "https:\/\/www.douban.com\/people\/132139055\/", "uri": "douban:\/\/douban.com\/user\/132139055", "id": "132139055", "avatar_side_icon_type": 3, "avatar_side_icon_id": "279", "avatar": "https://img1.doubanio.com\/icon\/up132139055-8.jpg", "is_club": false, "type": "user", "avatar_side_icon": "https://img9.doubanio.com\/view\/files\/raw\/file-1694763386.png", "uid": "132139055"}, "is_collected": false, "subtype": "photo", "type": "photo", "owner_uri": "douban:\/\/douban.com\/tv\/36093351", "status": null, "reaction_type": 0, "description": "", "sharing_url": "https:\/\/www.douban.com\/doubanapp\/dispatch?uri=\/photo\/2901385895\/", "url": "https:\/\/movie.douban.com\/photos\/photo\/2901385895\/", "reply_limit": "A", "uri": "douban:\/\/douban.com\/photo\/2901385895", "likers_count": 0, "reactions_count": 0, "comments_count": 0, "position": 56}, {"read_count": 9, "image": {"normal": {"url": "https://img3.doubanio.com\/view\/photo\/m\/public\/p2901385893.webp", "width": 600, "height": 337, "size": 0}, "large": {"url": "https://img3.doubanio.com\/view\/photo\/l\/public\/p2901385893.webp", "width": 800, "height": 450, "size": 0}, "raw": null, "small": {"url": "https://img3.doubanio.com\/view\/photo\/s\/public\/p2901385893.webp", "width": 600, "height": 337, "size": 0}, "primary_color": "DFDFDF", "is_animated": false}, "create_time": "2023-11-30 23:00:16", "collections_count": 0, "reshares_count": 0, "id": "2901385893", "author": {"loc": {"id": "118161", "name": "\u5f90\u5dde", "uid": "xuzhou"}, "kind": "user", "name": "\u5bab\u552f\u660e", "reg_time": "2015-07-28 12:53:32", "url": "https:\/\/www.douban.com\/people\/132139055\/", "uri": "douban:\/\/douban.com\/user\/132139055", "id": "132139055", "avatar_side_icon_type": 3, "avatar_side_icon_id": "279", "avatar": "https://img1.doubanio.com\/icon\/up132139055-8.jpg", "is_club": false, "type": "user", "avatar_side_icon": "https://img9.doubanio.com\/view\/files\/raw\/file-1694763386.png", "uid": "132139055"}, "is_collected": false, "subtype": "photo", "type": "photo", "owner_uri": "douban:\/\/douban.com\/tv\/36093351", "status": null, "reaction_type": 0, "description": "", "sharing_url": "https:\/\/www.douban.com\/doubanapp\/dispatch?uri=\/photo\/2901385893\/", "url": "https:\/\/movie.douban.com\/photos\/photo\/2901385893\/", "reply_limit": "A", "uri": "douban:\/\/douban.com\/photo\/2901385893", "likers_count": 0, "reactions_count": 0, "comments_count": 0, "position": 57}, {"read_count": 8, "image": {"normal": {"url": "https://img3.doubanio.com\/view\/photo\/m\/public\/p2901385892.webp", "width": 600, "height": 337, "size": 0}, "large": {"url": "https://img3.doubanio.com\/view\/photo\/l\/public\/p2901385892.webp", "width": 1600, "height": 900, "size": 0}, "raw": null, "small": {"url": "https://img3.doubanio.com\/view\/photo\/s\/public\/p2901385892.webp", "width": 600, "height": 337, "size": 0}, "primary_color": "DFDFDF", "is_animated": false}, "create_time": "2023-11-30 23:00:16", "collections_count": 0, "reshares_count": 0, "id": "2901385892", "author": {"loc": {"id": "118161", "name": "\u5f90\u5dde", "uid": "xuzhou"}, "kind": "user", "name": "\u5bab\u552f\u660e", "reg_time": "2015-07-28 12:53:32", "url": "https:\/\/www.douban.com\/people\/132139055\/", "uri": "douban:\/\/douban.com\/user\/132139055", "id": "132139055", "avatar_side_icon_type": 3, "avatar_side_icon_id": "279", "avatar": "https://img1.doubanio.com\/icon\/up132139055-8.jpg", "is_club": false, "type": "user", "avatar_side_icon": "https://img9.doubanio.com\/view\/files\/raw\/file-1694763386.png", "uid": "132139055"}, "is_collected": false, "subtype": "photo", "type": "photo", "owner_uri": "douban:\/\/douban.com\/tv\/36093351", "status": null, "reaction_type": 0, "description": "", "sharing_url": "https:\/\/www.douban.com\/doubanapp\/dispatch?uri=\/photo\/2901385892\/", "url": "https:\/\/movie.douban.com\/photos\/photo\/2901385892\/", "reply_limit": "A", "uri": "douban:\/\/douban.com\/photo\/2901385892", "likers_count": 0, "reactions_count": 0, "comments_count": 0, "position": 58}, {"read_count": 9, "image": {"normal": {"url": "https://img2.doubanio.com\/view\/photo\/m\/public\/p2901385891.webp", "width": 600, "height": 337, "size": 0}, "large": {"url": "https://img2.doubanio.com\/view\/photo\/l\/public\/p2901385891.webp", "width": 1600, "height": 900, "size": 0}, "raw": null, "small": {"url": "https://img2.doubanio.com\/view\/photo\/s\/public\/p2901385891.webp", "width": 600, "height": 337, "size": 0}, "primary_color": "DFDFDF", "is_animated": false}, "create_time": "2023-11-30 23:00:16", "collections_count": 0, "reshares_count": 0, "id": "2901385891", "author": {"loc": {"id": "118161", "name": "\u5f90\u5dde", "uid": "xuzhou"}, "kind": "user", "name": "\u5bab\u552f\u660e", "reg_time": "2015-07-28 12:53:32", "url": "https:\/\/www.douban.com\/people\/132139055\/", "uri": "douban:\/\/douban.com\/user\/132139055", "id": "132139055", "avatar_side_icon_type": 3, "avatar_side_icon_id": "279", "avatar": "https://img1.doubanio.com\/icon\/up132139055-8.jpg", "is_club": false, "type": "user", "avatar_side_icon": "https://img9.doubanio.com\/view\/files\/raw\/file-1694763386.png", "uid": "132139055"}, "is_collected": false, "subtype": "photo", "type": "photo", "owner_uri": "douban:\/\/douban.com\/tv\/36093351", "status": null, "reaction_type": 0, "description": "", "sharing_url": "https:\/\/www.douban.com\/doubanapp\/dispatch?uri=\/photo\/2901385891\/", "url": "https:\/\/movie.douban.com\/photos\/photo\/2901385891\/", "reply_limit": "A", "uri": "douban:\/\/douban.com\/photo\/2901385891", "likers_count": 0, "reactions_count": 0, "comments_count": 0, "position": 59}, {"read_count": 11, "image": {"normal": {"url": "https://img9.doubanio.com\/view\/photo\/m\/public\/p2901385886.webp", "width": 600, "height": 337, "size": 0}, "large": {"url": "https://img9.doubanio.com\/view\/photo\/l\/public\/p2901385886.webp", "width": 1600, "height": 900, "size": 0}, "raw": null, "small": {"url": "https://img9.doubanio.com\/view\/photo\/s\/public\/p2901385886.webp", "width": 600, "height": 337, "size": 0}, "primary_color": "DFDFDF", "is_animated": false}, "create_time": "2023-11-30 22:59:52", "collections_count": 0, "reshares_count": 0, "id": "2901385886", "author": {"loc": {"id": "118161", "name": "\u5f90\u5dde", "uid": "xuzhou"}, "kind": "user", "name": "\u5bab\u552f\u660e", "reg_time": "2015-07-28 12:53:32", "url": "https:\/\/www.douban.com\/people\/132139055\/", "uri": "douban:\/\/douban.com\/user\/132139055", "id": "132139055", "avatar_side_icon_type": 3, "avatar_side_icon_id": "279", "avatar": "https://img1.doubanio.com\/icon\/up132139055-8.jpg", "is_club": false, "type": "user", "avatar_side_icon": "https://img9.doubanio.com\/view\/files\/raw\/file-1694763386.png", "uid": "132139055"}, "is_collected": false, "subtype": "photo", "type": "photo", "owner_uri": "douban:\/\/douban.com\/tv\/36093351", "status": null, "reaction_type": 0, "description": "", "sharing_url": "https:\/\/www.douban.com\/doubanapp\/dispatch?uri=\/photo\/2901385886\/", "url": "https:\/\/movie.douban.com\/photos\/photo\/2901385886\/", "reply_limit": "A", "uri": "douban:\/\/douban.com\/photo\/2901385886", "likers_count": 0, "reactions_count": 0, "comments_count": 0, "position": 60}, {"read_count": 11, "image": {"normal": {"url": "https://img9.doubanio.com\/view\/photo\/m\/public\/p2901385885.webp", "width": 600, "height": 337, "size": 0}, "large": {"url": "https://img9.doubanio.com\/view\/photo\/l\/public\/p2901385885.webp", "width": 1600, "height": 900, "size": 0}, "raw": null, "small": {"url": "https://img9.doubanio.com\/view\/photo\/s\/public\/p2901385885.webp", "width": 600, "height": 337, "size": 0}, "primary_color": "DFDFDF", "is_animated": false}, "create_time": "2023-11-30 22:59:52", "collections_count": 0, "reshares_count": 0, "id": "2901385885", "author": {"loc": {"id": "118161", "name": "\u5f90\u5dde", "uid": "xuzhou"}, "kind": "user", "name": "\u5bab\u552f\u660e", "reg_time": "2015-07-28 12:53:32", "url": "https:\/\/www.douban.com\/people\/132139055\/", "uri": "douban:\/\/douban.com\/user\/132139055", "id": "132139055", "avatar_side_icon_type": 3, "avatar_side_icon_id": "279", "avatar": "https://img1.doubanio.com\/icon\/up132139055-8.jpg", "is_club": false, "type": "user", "avatar_side_icon": "https://img9.doubanio.com\/view\/files\/raw\/file-1694763386.png", "uid": "132139055"}, "is_collected": false, "subtype": "photo", "type": "photo", "owner_uri": "douban:\/\/douban.com\/tv\/36093351", "status": null, "reaction_type": 0, "description": "", "sharing_url": "https:\/\/www.douban.com\/doubanapp\/dispatch?uri=\/photo\/2901385885\/", "url": "https:\/\/movie.douban.com\/photos\/photo\/2901385885\/", "reply_limit": "A", "uri": "douban:\/\/douban.com\/photo\/2901385885", "likers_count": 0, "reactions_count": 0, "comments_count": 0, "position": 61}, {"read_count": 29, "image": {"normal": {"url": "https://img9.doubanio.com\/view\/photo\/m\/public\/p2901385884.webp", "width": 600, "height": 337, "size": 0}, "large": {"url": "https://img9.doubanio.com\/view\/photo\/l\/public\/p2901385884.webp", "width": 1600, "height": 900, "size": 0}, "raw": null, "small": {"url": "https://img9.doubanio.com\/view\/photo\/s\/public\/p2901385884.webp", "width": 600, "height": 337, "size": 0}, "primary_color": "DFDFDF", "is_animated": false}, "create_time": "2023-11-30 22:59:52", "collections_count": 0, "reshares_count": 0, "id": "2901385884", "author": {"loc": {"id": "118161", "name": "\u5f90\u5dde", "uid": "xuzhou"}, "kind": "user", "name": "\u5bab\u552f\u660e", "reg_time": "2015-07-28 12:53:32", "url": "https:\/\/www.douban.com\/people\/132139055\/", "uri": "douban:\/\/douban.com\/user\/132139055", "id": "132139055", "avatar_side_icon_type": 3, "avatar_side_icon_id": "279", "avatar": "https://img1.doubanio.com\/icon\/up132139055-8.jpg", "is_club": false, "type": "user", "avatar_side_icon": "https://img9.doubanio.com\/view\/files\/raw\/file-1694763386.png", "uid": "132139055"}, "is_collected": false, "subtype": "photo", "type": "photo", "owner_uri": "douban:\/\/douban.com\/tv\/36093351", "status": null, "reaction_type": 0, "description": "", "sharing_url": "https:\/\/www.douban.com\/doubanapp\/dispatch?uri=\/photo\/2901385884\/", "url": "https:\/\/movie.douban.com\/photos\/photo\/2901385884\/", "reply_limit": "A", "uri": "douban:\/\/douban.com\/photo\/2901385884", "likers_count": 0, "reactions_count": 0, "comments_count": 0, "position": 62}, {"read_count": 121, "image": {"normal": {"url": "https://img3.doubanio.com\/view\/photo\/m\/public\/p2901385883.webp", "width": 600, "height": 337, "size": 0}, "large": {"url": "https://img3.doubanio.com\/view\/photo\/l\/public\/p2901385883.webp", "width": 1600, "height": 900, "size": 0}, "raw": null, "small": {"url": "https://img3.doubanio.com\/view\/photo\/s\/public\/p2901385883.webp", "width": 600, "height": 337, "size": 0}, "primary_color": "DFDFDF", "is_animated": false}, "create_time": "2023-11-30 22:59:52", "collections_count": 0, "reshares_count": 0, "id": "2901385883", "author": {"loc": {"id": "118161", "name": "\u5f90\u5dde", "uid": "xuzhou"}, "kind": "user", "name": "\u5bab\u552f\u660e", "reg_time": "2015-07-28 12:53:32", "url": "https:\/\/www.douban.com\/people\/132139055\/", "uri": "douban:\/\/douban.com\/user\/132139055", "id": "132139055", "avatar_side_icon_type": 3, "avatar_side_icon_id": "279", "avatar": "https://img1.doubanio.com\/icon\/up132139055-8.jpg", "is_club": false, "type": "user", "avatar_side_icon": "https://img9.doubanio.com\/view\/files\/raw\/file-1694763386.png", "uid": "132139055"}, "is_collected": false, "subtype": "photo", "type": "photo", "owner_uri": "douban:\/\/douban.com\/tv\/36093351", "status": null, "reaction_type": 0, "description": "", "sharing_url": "https:\/\/www.douban.com\/doubanapp\/dispatch?uri=\/photo\/2901385883\/", "url": "https:\/\/movie.douban.com\/photos\/photo\/2901385883\/", "reply_limit": "A", "uri": "douban:\/\/douban.com\/photo\/2901385883", "likers_count": 0, "reactions_count": 0, "comments_count": 0, "position": 63}, {"read_count": 59, "image": {"normal": {"url": "https://img2.doubanio.com\/view\/photo\/m\/public\/p2901385881.webp", "width": 600, "height": 337, "size": 0}, "large": {"url": "https://img2.doubanio.com\/view\/photo\/l\/public\/p2901385881.webp", "width": 1600, "height": 900, "size": 0}, "raw": null, "small": {"url": "https://img2.doubanio.com\/view\/photo\/s\/public\/p2901385881.webp", "width": 600, "height": 337, "size": 0}, "primary_color": "DFDFDF", "is_animated": false}, "create_time": "2023-11-30 22:59:52", "collections_count": 0, "reshares_count": 0, "id": "2901385881", "author": {"loc": {"id": "118161", "name": "\u5f90\u5dde", "uid": "xuzhou"}, "kind": "user", "name": "\u5bab\u552f\u660e", "reg_time": "2015-07-28 12:53:32", "url": "https:\/\/www.douban.com\/people\/132139055\/", "uri": "douban:\/\/douban.com\/user\/132139055", "id": "132139055", "avatar_side_icon_type": 3, "avatar_side_icon_id": "279", "avatar": "https://img1.doubanio.com\/icon\/up132139055-8.jpg", "is_club": false, "type": "user", "avatar_side_icon": "https://img9.doubanio.com\/view\/files\/raw\/file-1694763386.png", "uid": "132139055"}, "is_collected": false, "subtype": "photo", "type": "photo", "owner_uri": "douban:\/\/douban.com\/tv\/36093351", "status": null, "reaction_type": 0, "description": "", "sharing_url": "https:\/\/www.douban.com\/doubanapp\/dispatch?uri=\/photo\/2901385881\/", "url": "https:\/\/movie.douban.com\/photos\/photo\/2901385881\/", "reply_limit": "A", "uri": "douban:\/\/douban.com\/photo\/2901385881", "likers_count": 0, "reactions_count": 0, "comments_count": 1, "position": 65}, {"read_count": 27, "image": {"normal": {"url": "https://img1.doubanio.com\/view\/photo\/m\/public\/p2901385880.webp", "width": 600, "height": 337, "size": 0}, "large": {"url": "https://img1.doubanio.com\/view\/photo\/l\/public\/p2901385880.webp", "width": 1600, "height": 900, "size": 0}, "raw": null, "small": {"url": "https://img1.doubanio.com\/view\/photo\/s\/public\/p2901385880.webp", "width": 600, "height": 337, "size": 0}, "primary_color": "DFDFDF", "is_animated": false}, "create_time": "2023-11-30 22:59:52", "collections_count": 0, "reshares_count": 0, "id": "2901385880", "author": {"loc": {"id": "118161", "name": "\u5f90\u5dde", "uid": "xuzhou"}, "kind": "user", "name": "\u5bab\u552f\u660e", "reg_time": "2015-07-28 12:53:32", "url": "https:\/\/www.douban.com\/people\/132139055\/", "uri": "douban:\/\/douban.com\/user\/132139055", "id": "132139055", "avatar_side_icon_type": 3, "avatar_side_icon_id": "279", "avatar": "https://img1.doubanio.com\/icon\/up132139055-8.jpg", "is_club": false, "type": "user", "avatar_side_icon": "https://img9.doubanio.com\/view\/files\/raw\/file-1694763386.png", "uid": "132139055"}, "is_collected": false, "subtype": "photo", "type": "photo", "owner_uri": "douban:\/\/douban.com\/tv\/36093351", "status": null, "reaction_type": 0, "description": "", "sharing_url": "https:\/\/www.douban.com\/doubanapp\/dispatch?uri=\/photo\/2901385880\/", "url": "https:\/\/movie.douban.com\/photos\/photo\/2901385880\/", "reply_limit": "A", "uri": "douban:\/\/douban.com\/photo\/2901385880", "likers_count": 0, "reactions_count": 0, "comments_count": 0, "position": 66}, {"read_count": 14, "image": {"normal": {"url": "https://img1.doubanio.com\/view\/photo\/m\/public\/p2901385879.webp", "width": 600, "height": 337, "size": 0}, "large": {"url": "https://img1.doubanio.com\/view\/photo\/l\/public\/p2901385879.webp", "width": 800, "height": 450, "size": 0}, "raw": null, "small": {"url": "https://img1.doubanio.com\/view\/photo\/s\/public\/p2901385879.webp", "width": 600, "height": 337, "size": 0}, "primary_color": "DFDFDF", "is_animated": false}, "create_time": "2023-11-30 22:59:51", "collections_count": 0, "reshares_count": 0, "id": "2901385879", "author": {"loc": {"id": "118161", "name": "\u5f90\u5dde", "uid": "xuzhou"}, "kind": "user", "name": "\u5bab\u552f\u660e", "reg_time": "2015-07-28 12:53:32", "url": "https:\/\/www.douban.com\/people\/132139055\/", "uri": "douban:\/\/douban.com\/user\/132139055", "id": "132139055", "avatar_side_icon_type": 3, "avatar_side_icon_id": "279", "avatar": "https://img1.doubanio.com\/icon\/up132139055-8.jpg", "is_club": false, "type": "user", "avatar_side_icon": "https://img9.doubanio.com\/view\/files\/raw\/file-1694763386.png", "uid": "132139055"}, "is_collected": false, "subtype": "photo", "type": "photo", "owner_uri": "douban:\/\/douban.com\/tv\/36093351", "status": null, "reaction_type": 0, "description": "", "sharing_url": "https:\/\/www.douban.com\/doubanapp\/dispatch?uri=\/photo\/2901385879\/", "url": "https:\/\/movie.douban.com\/photos\/photo\/2901385879\/", "reply_limit": "A", "uri": "douban:\/\/douban.com\/photo\/2901385879", "likers_count": 0, "reactions_count": 0, "comments_count": 0, "position": 67}, {"read_count": 5, "image": {"normal": {"url": "https://img1.doubanio.com\/view\/photo\/m\/public\/p2901385878.webp", "width": 600, "height": 337, "size": 0}, "large": {"url": "https://img1.doubanio.com\/view\/photo\/l\/public\/p2901385878.webp", "width": 800, "height": 450, "size": 0}, "raw": null, "small": {"url": "https://img1.doubanio.com\/view\/photo\/s\/public\/p2901385878.webp", "width": 600, "height": 337, "size": 0}, "primary_color": "DFDFDF", "is_animated": false}, "create_time": "2023-11-30 22:59:51", "collections_count": 0, "reshares_count": 0, "id": "2901385878", "author": {"loc": {"id": "118161", "name": "\u5f90\u5dde", "uid": "xuzhou"}, "kind": "user", "name": "\u5bab\u552f\u660e", "reg_time": "2015-07-28 12:53:32", "url": "https:\/\/www.douban.com\/people\/132139055\/", "uri": "douban:\/\/douban.com\/user\/132139055", "id": "132139055", "avatar_side_icon_type": 3, "avatar_side_icon_id": "279", "avatar": "https://img1.doubanio.com\/icon\/up132139055-8.jpg", "is_club": false, "type": "user", "avatar_side_icon": "https://img9.doubanio.com\/view\/files\/raw\/file-1694763386.png", "uid": "132139055"}, "is_collected": false, "subtype": "photo", "type": "photo", "owner_uri": "douban:\/\/douban.com\/tv\/36093351", "status": null, "reaction_type": 0, "description": "", "sharing_url": "https:\/\/www.douban.com\/doubanapp\/dispatch?uri=\/photo\/2901385878\/", "url": "https:\/\/movie.douban.com\/photos\/photo\/2901385878\/", "reply_limit": "A", "uri": "douban:\/\/douban.com\/photo\/2901385878", "likers_count": 0, "reactions_count": 0, "comments_count": 0, "position": 68}], "w": 142, "ad_list": [], "total": 1294, "start": 0}